923,Howard St & Centre St,South End Ave & Liberty St,Subscriber,1958,1,1-1-2016,42,34,38.0,0.00,0.0,0
379,E 31 St & 3 Ave,Broadway & W 32 St,Subscriber,1969,1,1-1-2016,42,34,38.0,0.00,0.0,0
589,10 Ave & W 28 St,Greenwich Ave & 8 Ave,Subscriber,1982,2,1-1-2016,42,34,38.0,0.00,0.0,0
889,Howard St & Centre St,South End Ave & Liberty St,Subscriber,1961,2,1-1-2016,42,34,38.0,0.00,0.0,0
1480,Central Park S & 6 Ave,Central Park S & 6 Ave,Subscriber,1952,1,1-1-2016,42,34,38.0,0.00,0.0,0
332,Kent Ave & N 7 St,Broadway & Berry St,Subscriber,1984,1,1-1-2016,42,34,38.0,0.00,0.0,0
2321,Amsterdam Ave & W 73 St,Columbus Ave & W 72 St,Subscriber,1963,1,1-1-2016,42,34,38.0,0.00,0.0,0
694,Howard St & Centre St,E 17 St & Broadway,Subscriber,1996,1,1-1-2016,42,34,38.0,0.00,0.0,0
1376,E 33 St & 2 Ave,South St & Whitehall St,Subscriber,1963,1,1-1-2016,42,34,38.0,0.00,0.0,0
194,E 81 St & York Ave,E 72 St & York Ave,Subscriber,1990,1,31-5-2016,85,71,78.0,0.00,0.0,0
541,E 12 St & 3 Ave,W 13 St & Hudson St,Subscriber,1982,1,31-5-2016,85,71,78.0,0.00,0.0,0
267,Broadway & E 22 St,Lafayette St & E 8 St,Subscriber,1982,1,31-5-2016,85,71,78.0,0.00,0.0,0
660,LaGuardia Pl & W 3 St,Pike St & E Broadway,Subscriber,1989,1,31-5-2016,85,71,78.0,0.00,0.0,0
526,E 12 St & 3 Ave,W 13 St & Hudson St,Subscriber,1993,2,31-5-2016,85,71,78.0,0.00,0.0,0
309,Fulton St & Clermont Ave,Cambridge Pl & Gates Ave,Subscriber,1987,2,31-5-2016,85,71,78.0,0.00,0.0,0
985,Forsyth St & Broome St,Broadway & E 22 St,Subscriber,1966,1,31-5-2016,85,71,78.0,0.00,0.0,0
674,MacDougal St & Prince St,Duane St & Greenwich St,Subscriber,1998,1,31-5-2016,85,71,78.0,0.00,0.0,0
533,Grand Army Plaza & Central Park S,W 41 St & 8 Ave,Subscriber,1970,1,31-5-2016,85,71,78.0,0.00,0.0,0
457,W 41 St & 8 Ave,Broadway & W 58 St,Subscriber,1975,1,31-5-2016,85,71,78.0,0.00,0.0,0
264,Broadway & W 58 St,Broadway & W 60 St,Subscriber,1969,2,29-8-2016,91,74,82.5,0,0,0
714,Broadway & W 58 St,E 47 St & 1 Ave,Subscriber,1955,1,29-8-2016,91,74,82.5,0,0,0
467,Broadway & W 58 St,Broadway & W 39 St,Subscriber,1958,1,29-8-2016,91,74,82.5,0,0,0
1137,Broadway & W 58 St,Broadway & E 22 St,Subscriber,1966,1,29-8-2016,91,74,82.5,0,0,0
693,Broadway & W 58 St,W 37 St & 5 Ave,Subscriber,1970,1,29-8-2016,91,74,82.5,0,0,0
817,Broadway & W 58 St,Amsterdam Ave & W 82 St,Subscriber,1965,2,29-8-2016,91,74,82.5,0,0,0
517,Broadway & W 58 St,E 58 St & 3 Ave,Subscriber,1958,1,29-8-2016,91,74,82.5,0,0,0
242,Broadway & W 58 St,Broadway & W 53 St,Subscriber,1987,2,29-8-2016,91,74,82.5,0,0,0
569,Broadway & W 58 St,9 Ave & W 45 St,Subscriber,1972,1,29-8-2016,91,74,82.5,0,0,0
2245,Broadway & W 58 St,Carmine St & 6 Ave,Subscriber,1983,2,29-8-2016,91,74,82.5,0,0,0
244,Berry St & N 8 St,Milton St & Franklin St,Subscriber,1970,1,31-1-2016,56,36,46.0,0.00,0.0,4
840,W 56 St & 6 Ave,Broadway & W 32 St,Subscriber,1977,1,31-1-2016,56,36,46.0,0.00,0.0,4
832,Pershing Square South,W 15 St & 7 Ave,Subscriber,1978,1,31-1-2016,56,36,46.0,0.00,0.0,4
317,Rivington St & Chrystie St,Clinton St & Grand St,Subscriber,1989,2,31-1-2016,56,36,46.0,0.00,0.0,4
275,E 27 St & 1 Ave,E 39 St & 2 Ave,Subscriber,1951,1,31-1-2016,56,36,46.0,0.00,0.0,4
321,6 Ave & W 33 St,W 24 St & 7 Ave,Subscriber,1967,1,31-1-2016,56,36,46.0,0.00,0.0,4
729,E 6 St & Avenue B,Broadway & E 22 St,Subscriber,1980,1,31-1-2016,56,36,46.0,0.00,0.0,4
733,E 6 St & Avenue B,Broadway & E 22 St,Subscriber,1988,2,31-1-2016,56,36,46.0,0.00,0.0,4
1686,St Marks Pl & 1 Ave,St Marks Pl & 1 Ave,Subscriber,1954,1,31-1-2016,56,36,46.0,0.00,0.0,4
417,9 Ave & W 45 St,10 Ave & W 28 St,Subscriber,1974,1,31-1-2016,56,36,46.0,0.00,0.0,4
553,E 58 St & 3 Ave,E 33 St & 5 Ave,Subscriber,1988,1,31-1-2016,56,36,46.0,0.00,0.0,4
1449,W 4 St & 7 Ave S,E 72 St & York Ave,Subscriber,1984,1,31-1-2016,56,36,46.0,0.00,0.0,4
179,E 16 St & Irving Pl,E 20 St & 2 Ave,Subscriber,1990,1,31-1-2016,56,36,46.0,0.00,0.0,4
350,Elizabeth St & Hester St,Allen St & E Houston St,Subscriber,1976,1,31-1-2016,56,36,46.0,0.00,0.0,4
1162,John St & William St,E 20 St & FDR Drive,Subscriber,1959,1,31-1-2016,56,36,46.0,0.00,0.0,4
1718,Central Park West & W 72 St,E 84 St & Park Ave,Subscriber,1965,1,31-1-2016,56,36,46.0,0.00,0.0,4
142,E 3 St & 1 Ave,St Marks Pl & 1 Ave,Subscriber,1958,1,31-1-2016,56,36,46.0,0.00,0.0,4
241,Christopher St & Greenwich St,Watts St & Greenwich St,Subscriber,1979,1,31-1-2016,56,36,46.0,0.00,0.0,4
453,E 2 St & Avenue C,Lafayette St & E 8 St,Subscriber,1984,1,31-1-2016,56,36,46.0,0.00,0.0,4
687,Watts St & Greenwich St,John St & William St,Subscriber,1978,1,31-1-2016,56,36,46.0,0.00,0.0,4
1252,Kent Ave & N 7 St,Broadway & Roebling St,Subscriber,1991,1,31-1-2016,56,36,46.0,0.00,0.0,4
1264,W 26 St & 8 Ave,Allen St & Hester St,Subscriber,1990,1,31-1-2016,56,36,46.0,0.00,0.0,4
700,Barrow St & Hudson St,W 26 St & 8 Ave,Subscriber,1976,1,31-1-2016,56,36,46.0,0.00,0.0,4
445,W 15 St & 7 Ave,W 27 St & 7 Ave,Subscriber,1965,1,31-1-2016,56,36,46.0,0.00,0.0,4
68,Roebling St & N 4 St,Grand St & Havemeyer St,Subscriber,1990,1,31-1-2016,56,36,46.0,0.00,0.0,4
249,St Marks Pl & 2 Ave,E 10 St & Avenue A,Subscriber,1995,2,31-1-2016,56,36,46.0,0.00,0.0,4
401,Division St & Bowery,Fulton St & William St,Subscriber,1961,2,31-1-2016,56,36,46.0,0.00,0.0,4
121,Clinton St & Grand St,Madison St & Montgomery St,Subscriber,1975,1,31-1-2016,56,36,46.0,0.00,0.0,4
522,W 4 St & 7 Ave S,E 4 St & 2 Ave,Subscriber,1983,2,31-1-2016,56,36,46.0,0.00,0.0,4
361,Madison St & Montgomery St,Market St & Cherry St,Subscriber,1972,2,31-1-2016,56,36,46.0,0.00,0.0,4
343,E 72 St & York Ave,Lexington Ave & E 63 St,Subscriber,1982,1,31-1-2016,56,36,46.0,0.00,0.0,4
566,S 5 Pl & S 4 St,Norfolk St & Broome St,Subscriber,1988,1,31-1-2016,56,36,46.0,0.00,0.0,4
293,Johnson St & Gold St,Johnson St & Gold St,Subscriber,1982,1,31-1-2016,56,36,46.0,0.00,0.0,4
243,Berry St & N 8 St,S 3 St & Bedford Ave,Subscriber,1987,1,31-1-2016,56,36,46.0,0.00,0.0,4
138,W 17 St & 8 Ave,W 22 St & 8 Ave,Subscriber,1979,1,31-1-2016,56,36,46.0,0.00,0.0,4
547,W 37 St & 10 Ave,W 37 St & 5 Ave,Customer,"",0,31-1-2016,56,36,46.0,0.00,0.0,4
531,6 Ave & W 33 St,1 Ave & E 30 St,Subscriber,1988,1,31-1-2016,56,36,46.0,0.00,0.0,4
302,E 11 St & 2 Ave,E 2 St & Avenue B,Subscriber,1996,1,31-1-2016,56,36,46.0,0.00,0.0,4
199,Grand St & Havemeyer St,N 8 St & Driggs Ave,Subscriber,1984,1,31-1-2016,56,36,46.0,0.00,0.0,4
497,Wythe Ave & Metropolitan Ave,Leonard St & Grand St,Subscriber,1977,1,31-1-2016,56,36,46.0,0.00,0.0,4
186,11 Ave & W 27 St,W 29 St & 9 Ave,Subscriber,1984,1,31-1-2016,56,36,46.0,0.00,0.0,4
436,Fulton St & William St,South End Ave & Liberty St,Subscriber,1982,2,31-1-2016,56,36,46.0,0.00,0.0,4
593,Broadway & W 29 St,E 11 St & 2 Ave,Subscriber,1958,1,31-1-2016,56,36,46.0,0.00,0.0,4
209,Elizabeth St & Hester St,St James Pl & Oliver St,Subscriber,1988,1,31-1-2016,56,36,46.0,0.00,0.0,4
460,W 51 St & 6 Ave,W 52 St & 11 Ave,Subscriber,1968,1,31-1-2016,56,36,46.0,0.00,0.0,4
914,Greenwich Ave & 8 Ave,W 49 St & 8 Ave,Subscriber,1983,1,31-1-2016,56,36,46.0,0.00,0.0,4
672,1 Ave & E 15 St,Madison St & Clinton St,Subscriber,1990,1,31-1-2016,56,36,46.0,0.00,0.0,4
529,W 22 St & 10 Ave,W 31 St & 7 Ave,Subscriber,1987,1,31-1-2016,56,36,46.0,0.00,0.0,4
182,Franklin St & W Broadway,Lispenard St & Broadway,Subscriber,1969,1,31-1-2016,56,36,46.0,0.00,0.0,4
523,St Marks Pl & 1 Ave,W 13 St & 7 Ave,Subscriber,1958,1,31-1-2016,56,36,46.0,0.00,0.0,4
1950,Carmine St & 6 Ave,Broadway & W 29 St,Subscriber,1974,1,31-1-2016,56,36,46.0,0.00,0.0,4
638,W 22 St & 8 Ave,MacDougal St & Prince St,Subscriber,1984,2,31-1-2016,56,36,46.0,0.00,0.0,4
359,W 20 St & 8 Ave,E 24 St & Park Ave S,Subscriber,1983,1,31-1-2016,56,36,46.0,0.00,0.0,4
228,3 Ave & E 62 St,1 Ave & E 68 St,Subscriber,1960,1,31-1-2016,56,36,46.0,0.00,0.0,4
507,Great Jones St,Howard St & Centre St,Customer,"",0,31-1-2016,56,36,46.0,0.00,0.0,4
139,Leonard St & Meeker Ave,N Henry St & Richardson St,Subscriber,1986,1,31-1-2016,56,36,46.0,0.00,0.0,4
957,E 71 St & 2 Ave,Broadway & W 32 St,Subscriber,1975,1,31-1-2016,56,36,46.0,0.00,0.0,4
494,Great Jones St,Howard St & Centre St,Customer,"",0,31-1-2016,56,36,46.0,0.00,0.0,4
561,8 Ave & W 33 St,W 56 St & 10 Ave,Subscriber,1984,1,31-1-2016,56,36,46.0,0.00,0.0,4
215,1 Ave & E 15 St,E 27 St & 1 Ave,Subscriber,1983,0,31-1-2016,56,36,46.0,0.00,0.0,4
395,Concord St & Bridge St,Carlton Ave & Park Ave,Subscriber,1991,2,31-1-2016,56,36,46.0,0.00,0.0,4
447,E 25 St & 2 Ave,E 14 St & Avenue B,Subscriber,1983,1,31-1-2016,56,36,46.0,0.00,0.0,4
805,Grand Army Plaza & Central Park S,11 Ave & W 41 St,Subscriber,1971,1,31-1-2016,56,36,46.0,0.00,0.0,4
450,11 Ave & W 41 St,W 26 St & 10 Ave,Subscriber,1964,1,31-1-2016,56,36,46.0,0.00,0.0,4
441,E 11 St & 1 Ave,Canal St & Rutgers St,Subscriber,1989,1,31-1-2016,56,36,46.0,0.00,0.0,4
239,Broadway & E 14 St,W 11 St & 6 Ave,Subscriber,1990,1,31-1-2016,56,36,46.0,0.00,0.0,4
358,Allen St & E Houston St,E 9 St & Avenue C,Subscriber,1978,1,31-1-2016,56,36,46.0,0.00,0.0,4
1310,W 33 St & 7 Ave,9 Ave & W 45 St,Subscriber,1965,1,31-1-2016,56,36,46.0,0.00,0.0,4
397,Wythe Ave & Metropolitan Ave,Frost St & Meeker St,Subscriber,1987,1,31-1-2016,56,36,46.0,0.00,0.0,4
976,E 16 St & Irving Pl,W 43 St & 10 Ave,Subscriber,1957,1,31-1-2016,56,36,46.0,0.00,0.0,4
148,E 11 St & 2 Ave,Lafayette St & E 8 St,Subscriber,1988,2,31-1-2016,56,36,46.0,0.00,0.0,4
1333,Fulton St & Washington Ave,Meserole Ave & Manhattan Ave,Subscriber,1985,1,31-1-2016,56,36,46.0,0.00,0.0,4
297,E 84 St & Park Ave,1 Ave & E 78 St,Subscriber,1962,1,31-1-2016,56,36,46.0,0.00,0.0,4
438,W 24 St & 7 Ave,E 16 St & Irving Pl,Subscriber,1966,1,31-1-2016,56,36,46.0,0.00,0.0,4
146,W 16 St & The High Line,W 17 St & 8 Ave,Subscriber,1975,1,31-1-2016,56,36,46.0,0.00,0.0,4
785,E 10 St & Avenue A,University Pl & E 14 St,Subscriber,1950,1,31-1-2016,56,36,46.0,0.00,0.0,4
337,1 Ave & E 15 St,Allen St & E Houston St,Subscriber,1992,2,31-1-2016,56,36,46.0,0.00,0.0,4
1066,E 41 St & Madison Ave,E 3 St & 1 Ave,Subscriber,1992,1,31-1-2016,56,36,46.0,0.00,0.0,4
952,Broadway & W 60 St,Greenwich Ave & 8 Ave,Subscriber,1964,1,31-1-2016,56,36,46.0,0.00,0.0,4
2164,W 18 St & 6 Ave,Myrtle Ave & Lewis Ave,Subscriber,1991,1,31-1-2016,56,36,46.0,0.00,0.0,4
215,Howard St & Centre St,Forsyth St & Broome St,Subscriber,1994,1,31-1-2016,56,36,46.0,0.00,0.0,4
514,E 20 St & 2 Ave,W 25 St & 6 Ave,Subscriber,1994,2,31-1-2016,56,36,46.0,0.00,0.0,4
464,W Broadway & Spring St,Shevchenko Pl & E 7 St,Subscriber,1962,1,31-1-2016,56,36,46.0,0.00,0.0,4
1587,9 Ave & W 45 St,W 24 St & 7 Ave,Subscriber,1955,1,31-1-2016,56,36,46.0,0.00,0.0,4
440,York St & Jay St,Bond St & Schermerhorn St,Subscriber,1962,2,31-1-2016,56,36,46.0,0.00,0.0,4
495,Broadway & E 22 St,Sullivan St & Washington Sq,Subscriber,1963,2,31-1-2016,56,36,46.0,0.00,0.0,4
294,Rivington St & Chrystie St,St Marks Pl & 1 Ave,Subscriber,1962,1,31-1-2016,56,36,46.0,0.00,0.0,4
614,E 12 St & 3 Ave,W 17 St & 8 Ave,Subscriber,1983,1,31-1-2016,56,36,46.0,0.00,0.0,4
141,Broadway & W 55 St,W 56 St & 6 Ave,Subscriber,1976,1,31-1-2016,56,36,46.0,0.00,0.0,4
218,Roebling St & N 4 St,Bedford Ave & Nassau Ave,Subscriber,1982,1,31-1-2016,56,36,46.0,0.00,0.0,4
224,Pershing Square North,E 39 St & 2 Ave,Subscriber,1989,1,31-1-2016,56,36,46.0,0.00,0.0,4
858,E 11 St & 1 Ave,6 Ave & W 33 St,Subscriber,1956,1,31-1-2016,56,36,46.0,0.00,0.0,4
533,E 7 St & Avenue A,W 13 St & 7 Ave,Subscriber,1988,1,31-1-2016,56,36,46.0,0.00,0.0,4
492,Grand Army Plaza & Central Park S,W 45 St & 8 Ave,Subscriber,1975,1,31-1-2016,56,36,46.0,0.00,0.0,4
326,E 31 St & 3 Ave,W 31 St & 7 Ave,Subscriber,1983,1,31-1-2016,56,36,46.0,0.00,0.0,4
1275,E 75 St & 3 Ave,W 18 St & 6 Ave,Subscriber,1982,1,31-1-2016,56,36,46.0,0.00,0.0,4
1576,Howard St & Centre St,Greenpoint Ave & Manhattan Ave,Subscriber,1978,1,31-1-2016,56,36,46.0,0.00,0.0,4
356,E 52 St & 2 Ave,FDR Drive & E 35 St,Subscriber,1990,1,31-1-2016,56,36,46.0,0.00,0.0,4
1128,E 16 St & Irving Pl,Maiden Ln & Pearl St,Subscriber,1990,1,31-1-2016,56,36,46.0,0.00,0.0,4
851,6 Ave & Canal St,9 Ave & W 22 St,Subscriber,1988,1,31-1-2016,56,36,46.0,0.00,0.0,4
306,Broadway & W 49 St,W 53 St & 10 Ave,Subscriber,1992,1,29-2-2016,61,47,54.0,0.05,0.0,0
556,8 Ave & W 33 St,W 53 St & 10 Ave,Subscriber,1974,1,29-2-2016,61,47,54.0,0.05,0.0,0
647,W 27 St & 7 Ave,E 33 St & 2 Ave,Subscriber,1985,1,29-2-2016,61,47,54.0,0.05,0.0,0
680,E 37 St & Lexington Ave,10 Ave & W 28 St,Subscriber,1959,1,29-2-2016,61,47,54.0,0.05,0.0,0
659,E 39 St & 2 Ave,W 31 St & 7 Ave,Subscriber,1963,1,29-2-2016,61,47,54.0,0.05,0.0,0
224,E 12 St & 3 Ave,1 Ave & E 15 St,Subscriber,1988,1,29-2-2016,61,47,54.0,0.05,0.0,0
534,45 Rd & 11 St,Huron St & Franklin St,Subscriber,1977,1,29-2-2016,61,47,54.0,0.05,0.0,0
1205,W 22 St & 8 Ave,Avenue D & E 12 St,Subscriber,1981,2,29-2-2016,61,47,54.0,0.05,0.0,0
518,Grand St & Greene St,E 12 St & 3 Ave,Subscriber,1975,1,29-2-2016,61,47,54.0,0.05,0.0,0
341,1 Ave & E 78 St,E 85 St & York Ave,Subscriber,1964,2,29-2-2016,61,47,54.0,0.05,0.0,0
256,Cliff St & Fulton St,Spruce St & Nassau St,Subscriber,1996,1,29-2-2016,61,47,54.0,0.05,0.0,0
132,Broadway & Whipple St,McKibbin St & Manhattan Ave,Subscriber,1970,1,29-2-2016,61,47,54.0,0.05,0.0,0
1289,Mott St & Prince St,Metropolitan Ave & Bedford Ave,Subscriber,1985,1,29-2-2016,61,47,54.0,0.05,0.0,0
2268,W 49 St & 8 Ave,W 49 St & 8 Ave,Subscriber,1978,1,29-2-2016,61,47,54.0,0.05,0.0,0
923,West St & Chambers St,12 Ave & W 40 St,Subscriber,1987,2,29-2-2016,61,47,54.0,0.05,0.0,0
946,Centre St & Worth St,Vesey Pl & River Terrace,Subscriber,1996,1,29-2-2016,61,47,54.0,0.05,0.0,0
621,8 Ave & W 31 St,Bank St & Washington St,Subscriber,1953,1,29-2-2016,61,47,54.0,0.05,0.0,0
347,E 32 St & Park Ave,6 Ave & W 33 St,Subscriber,1983,1,29-2-2016,61,47,54.0,0.05,0.0,0
331,Broadway & E 14 St,E 7 St & Avenue A,Subscriber,1991,1,29-2-2016,61,47,54.0,0.05,0.0,0
113,Warren St & Church St,Centre St & Chambers St,Subscriber,1979,1,29-2-2016,61,47,54.0,0.05,0.0,0
720,9 Ave & W 45 St,W 13 St & 7 Ave,Subscriber,1981,1,29-2-2016,61,47,54.0,0.05,0.0,0
340,W 20 St & 7 Ave,E 16 St & Irving Pl,Subscriber,1978,1,29-2-2016,61,47,54.0,0.05,0.0,0
615,Lewis Ave & Decatur St,Macon St & Nostrand Ave,Subscriber,1983,1,29-2-2016,61,47,54.0,0.05,0.0,0
581,Greenwich Ave & Charles St,E 14 St & Avenue B,Subscriber,1987,1,29-2-2016,61,47,54.0,0.05,0.0,0
836,Elizabeth St & Hester St,E 6 St & Avenue D,Subscriber,1969,2,29-2-2016,61,47,54.0,0.05,0.0,0
755,W 56 St & 6 Ave,Central Park West & W 85 St,Subscriber,1984,1,29-2-2016,61,47,54.0,0.05,0.0,0
201,E 25 St & 1 Ave,E 20 St & FDR Drive,Subscriber,1984,1,29-2-2016,61,47,54.0,0.05,0.0,0
236,W 15 St & 7 Ave,9 Ave & W 18 St,Subscriber,1956,1,29-2-2016,61,47,54.0,0.05,0.0,0
303,Pike St & E Broadway,Norfolk St & Broome St,Subscriber,1986,2,29-2-2016,61,47,54.0,0.05,0.0,0
340,Broadway & W 32 St,1 Ave & E 30 St,Subscriber,1988,1,29-2-2016,61,47,54.0,0.05,0.0,0
594,W 17 St & 8 Ave,E 31 St & 3 Ave,Subscriber,1989,1,29-2-2016,61,47,54.0,0.05,0.0,0
820,E 19 St & 3 Ave,Forsyth St & Broome St,Subscriber,1988,2,29-2-2016,61,47,54.0,0.05,0.0,0
278,Henry St & Grand St,Avenue D & E 8 St,Subscriber,1989,2,29-2-2016,61,47,54.0,0.05,0.0,0
983,E 6 St & Avenue B,6 Ave & W 33 St,Subscriber,1980,2,29-2-2016,61,47,54.0,0.05,0.0,0
475,Canal St & Rutgers St,E 7 St & Avenue A,Subscriber,1966,1,29-2-2016,61,47,54.0,0.05,0.0,0
65,Fulton St & William St,Cliff St & Fulton St,Subscriber,1984,2,29-2-2016,61,47,54.0,0.05,0.0,0
467,Grand St & Greene St,Fulton St & William St,Subscriber,1962,1,29-2-2016,61,47,54.0,0.05,0.0,0
338,Union Ave & N 12 St,Roebling St & N 4 St,Subscriber,1991,2,29-2-2016,61,47,54.0,0.05,0.0,0
603,Lafayette St & Jersey St,Norfolk St & Broome St,Subscriber,1987,1,29-2-2016,61,47,54.0,0.05,0.0,0
564,E 33 St & 5 Ave,E 48 St & 3 Ave,Subscriber,1985,1,29-2-2016,61,47,54.0,0.05,0.0,0
808,E 53 St & Lexington Ave,W 33 St & 7 Ave,Subscriber,1964,1,29-2-2016,61,47,54.0,0.05,0.0,0
674,E 13 St & Avenue A,W 26 St & 8 Ave,Subscriber,1973,1,29-2-2016,61,47,54.0,0.05,0.0,0
317,Lexington Ave & E 24 St,E 37 St & Lexington Ave,Subscriber,1993,1,29-2-2016,61,47,54.0,0.05,0.0,0
277,University Pl & E 14 St,LaGuardia Pl & W 3 St,Subscriber,1984,1,29-2-2016,61,47,54.0,0.05,0.0,0
746,11 Ave & W 41 St,E 55 St & Lexington Ave,Subscriber,1992,1,29-2-2016,61,47,54.0,0.05,0.0,0
467,Pearl St & Anchorage Pl,Carlton Ave & Flushing Ave,Subscriber,1968,2,29-2-2016,61,47,54.0,0.05,0.0,0
190,E 24 St & Park Ave S,Lexington Ave & E 29 St,Subscriber,1982,1,29-2-2016,61,47,54.0,0.05,0.0,0
197,E 16 St & 5 Ave,W 15 St & 7 Ave,Subscriber,1981,1,29-2-2016,61,47,54.0,0.05,0.0,0
296,9 Ave & W 45 St,W 53 St & 10 Ave,Subscriber,1975,1,29-2-2016,61,47,54.0,0.05,0.0,0
256,Broadway & Roebling St,Kent Ave & S 11 St,Subscriber,1991,2,29-2-2016,61,47,54.0,0.05,0.0,0
1733,Catherine St & Monroe St,E 33 St & 2 Ave,Subscriber,1973,2,29-2-2016,61,47,54.0,0.05,0.0,0
312,Bedford Ave & Nassau Ave,Devoe St & Leonard St,Subscriber,1986,1,29-2-2016,61,47,54.0,0.05,0.0,0
330,Concord St & Bridge St,Carlton Ave & Park Ave,Subscriber,1991,2,29-2-2016,61,47,54.0,0.05,0.0,0
2156,W 31 St & 7 Ave,Fulton St & Washington Ave,Subscriber,1968,1,29-2-2016,61,47,54.0,0.05,0.0,0
232,Washington Pl & 6 Ave,Washington Pl & Broadway,Subscriber,1987,1,29-2-2016,61,47,54.0,0.05,0.0,0
302,W 13 St & 5 Ave,W 4 St & 7 Ave S,Subscriber,1981,1,29-2-2016,61,47,54.0,0.05,0.0,0
199,Madison St & Clinton St,Cherry St,Subscriber,1998,1,29-2-2016,61,47,54.0,0.05,0.0,0
486,Clinton Ave & Myrtle Ave,Fulton St & Grand Ave,Subscriber,1970,1,29-2-2016,61,47,54.0,0.05,0.0,0
166,E 85 St & 3 Ave,E 85 St & York Ave,Subscriber,1986,2,29-2-2016,61,47,54.0,0.05,0.0,0
681,6 Ave & Canal St,E 6 St & Avenue D,Subscriber,1988,1,29-2-2016,61,47,54.0,0.05,0.0,0
323,E 19 St & 3 Ave,W 21 St & 6 Ave,Subscriber,1968,1,29-2-2016,61,47,54.0,0.05,0.0,0
334,MacDougal St & Washington Sq,E 17 St & Broadway,Subscriber,1984,1,29-2-2016,61,47,54.0,0.05,0.0,0
1008,Lispenard St & Broadway,Broadway & E 22 St,Subscriber,1981,2,29-2-2016,61,47,54.0,0.05,0.0,0
512,Broadway & E 14 St,Howard St & Centre St,Subscriber,1968,1,29-2-2016,61,47,54.0,0.05,0.0,0
145,Greenwich Ave & Charles St,W 15 St & 7 Ave,Subscriber,1986,1,29-2-2016,61,47,54.0,0.05,0.0,0
1072,W 84 St & Broadway,9 Ave & W 45 St,Subscriber,1954,1,29-2-2016,61,47,54.0,0.05,0.0,0
565,8 Ave & W 33 St,W 56 St & 10 Ave,Subscriber,1984,1,29-2-2016,61,47,54.0,0.05,0.0,0
140,Allen St & Hester St,Allen St & E Houston St,Subscriber,1963,1,29-2-2016,61,47,54.0,0.05,0.0,0
858,6 Ave & W 33 St,Allen St & E Houston St,Subscriber,1987,2,29-2-2016,61,47,54.0,0.05,0.0,0
195,9 Ave & W 18 St,W 15 St & 7 Ave,Subscriber,1956,1,29-2-2016,61,47,54.0,0.05,0.0,0
463,E 23 St & 1 Ave,Broadway & E 22 St,Subscriber,1987,1,29-2-2016,61,47,54.0,0.05,0.0,0
344,University Pl & E 14 St,W 17 St & 8 Ave,Subscriber,1963,1,29-2-2016,61,47,54.0,0.05,0.0,0
427,W 26 St & 8 Ave,E 27 St & 1 Ave,Subscriber,1979,1,29-2-2016,61,47,54.0,0.05,0.0,0
805,Metropolitan Ave & Meeker Ave,Kosciuszko St & Tompkins Ave,Subscriber,1985,2,29-2-2016,61,47,54.0,0.05,0.0,0
516,W 27 St & 7 Ave,9 Ave & W 45 St,Subscriber,1984,1,29-2-2016,61,47,54.0,0.05,0.0,0
736,University Pl & E 8 St,Greenwich St & N Moore St,Subscriber,1995,1,29-2-2016,61,47,54.0,0.05,0.0,0
206,E 20 St & Park Ave,E 20 St & FDR Drive,Subscriber,1987,1,29-2-2016,61,47,54.0,0.05,0.0,0
454,W 22 St & 10 Ave,Greenwich Ave & 8 Ave,Subscriber,1988,1,29-2-2016,61,47,54.0,0.05,0.0,0
716,8 Ave & W 52 St,Greenwich Ave & 8 Ave,Subscriber,1964,1,29-2-2016,61,47,54.0,0.05,0.0,0
424,Metropolitan Ave & Meeker Ave,Leonard St & Boerum St,Subscriber,1987,2,29-2-2016,61,47,54.0,0.05,0.0,0
1151,E 11 St & 1 Ave,6 Ave & W 33 St,Subscriber,1956,1,29-2-2016,61,47,54.0,0.05,0.0,0
530,Graham Ave & Conselyea St,Huron St & Franklin St,Subscriber,1992,1,29-2-2016,61,47,54.0,0.05,0.0,0
639,Macon St & Nostrand Ave,Lewis Ave & Decatur St,Subscriber,1983,1,29-2-2016,61,47,54.0,0.05,0.0,0
1464,W 26 St & 8 Ave,E 14 St & Avenue B,Subscriber,1973,1,29-2-2016,61,47,54.0,0.05,0.0,0
340,Howard St & Centre St,Pike St & Monroe St,Subscriber,1996,1,29-2-2016,61,47,54.0,0.05,0.0,0
2195,Amsterdam Ave & W 82 St,Queens Plaza North & Crescent St,Subscriber,1982,1,29-2-2016,61,47,54.0,0.05,0.0,0
326,Franklin St & Dupont St,Union Ave & N 12 St,Subscriber,1986,1,29-2-2016,61,47,54.0,0.05,0.0,0
227,8 Ave & W 33 St,W 42 St & 8 Ave,Subscriber,1989,1,29-2-2016,61,47,54.0,0.05,0.0,0
545,Centre St & Chambers St,Broadway & Battery Pl,Subscriber,1982,1,29-2-2016,61,47,54.0,0.05,0.0,0
707,Washington Ave & Greene Ave,Bond St & Schermerhorn St,Subscriber,1984,1,29-2-2016,61,47,54.0,0.05,0.0,0
104,W 22 St & 8 Ave,W 17 St & 8 Ave,Subscriber,1992,1,29-2-2016,61,47,54.0,0.05,0.0,0
940,E 11 St & 2 Ave,Grand St & Havemeyer St,Subscriber,1990,1,29-2-2016,61,47,54.0,0.05,0.0,0
757,W 20 St & 11 Ave,Christopher St & Greenwich St,Subscriber,1944,1,29-2-2016,61,47,54.0,0.05,0.0,0
1002,Mott St & Prince St,E 25 St & 1 Ave,Subscriber,1977,1,29-2-2016,61,47,54.0,0.05,0.0,0
1136,S 5 Pl & S 4 St,Nassau Ave & Russell St,Customer,"",0,29-2-2016,61,47,54.0,0.05,0.0,0
1013,W 76 St & Columbus Ave,E 85 St & York Ave,Subscriber,1962,1,29-2-2016,61,47,54.0,0.05,0.0,0
1382,Washington Pl & Broadway,Clinton Ave & Myrtle Ave,Subscriber,1976,1,29-2-2016,61,47,54.0,0.05,0.0,0
524,8 Ave & W 52 St,12 Ave & W 40 St,Subscriber,1973,2,29-2-2016,61,47,54.0,0.05,0.0,0
1120,E 58 St & 3 Ave,Amsterdam Ave & W 82 St,Subscriber,1966,1,29-2-2016,61,47,54.0,0.05,0.0,0
301,Bedford Ave & Nassau Ave,Driggs Ave & N Henry St,Subscriber,1984,1,29-2-2016,61,47,54.0,0.05,0.0,0
400,Montague St & Clinton St,Front St & Washington St,Subscriber,1982,1,25-3-2016,72,44,58.0,0.04,0.0,0
402,Montague St & Clinton St,York St & Jay St,Subscriber,1962,1,25-3-2016,72,44,58.0,0.04,0.0,0
1171,Montague St & Clinton St,Fulton St & Grand Ave,Subscriber,1991,1,25-3-2016,72,44,58.0,0.04,0.0,0
554,Montague St & Clinton St,Lafayette Ave & Fort Greene Pl,Subscriber,1977,1,25-3-2016,72,44,58.0,0.04,0.0,0
1195,Montague St & Clinton St,Wythe Ave & Metropolitan Ave,Subscriber,1970,1,25-3-2016,72,44,58.0,0.04,0.0,0
164,Montague St & Clinton St,Clark St & Henry St,Subscriber,1964,1,25-3-2016,72,44,58.0,0.04,0.0,0
579,Montague St & Clinton St,Pearl St & Anchorage Pl,Subscriber,1972,1,26-3-2016,55,38,46.5,0.00,0.0,0
623,Montague St & Clinton St,Front St & Washington St,Subscriber,1970,1,26-3-2016,55,38,46.5,0.00,0.0,0
39127,Montague St & Clinton St,Jay St & Tech Pl,Subscriber,1982,2,26-3-2016,55,38,46.5,0.00,0.0,0
6325,Montague St & Clinton St,Front St & Washington St,Subscriber,1983,2,26-3-2016,55,38,46.5,0.00,0.0,0
2255,Montague St & Clinton St,S 3 St & Bedford Ave,Subscriber,1983,1,26-3-2016,55,38,46.5,0.00,0.0,0
2237,Montague St & Clinton St,S 3 St & Bedford Ave,Customer,"",0,26-3-2016,55,38,46.5,0.00,0.0,0
2184,Montague St & Clinton St,S 3 St & Bedford Ave,Customer,"",0,26-3-2016,55,38,46.5,0.00,0.0,0
2130,Montague St & Clinton St,S 3 St & Bedford Ave,Customer,"",0,26-3-2016,55,38,46.5,0.00,0.0,0
500,Montague St & Clinton St,Schermerhorn St & Court St,Subscriber,1981,1,26-3-2016,55,38,46.5,0.00,0.0,0
4259,Montague St & Clinton St,6 Ave & Broome St,Customer,"",0,26-3-2016,55,38,46.5,0.00,0.0,0
1191,Montague St & Clinton St,3 Ave & Schermerhorn St,Subscriber,1990,2,26-3-2016,55,38,46.5,0.00,0.0,0
1615,Montague St & Clinton St,E 4 St & 2 Ave,Subscriber,1984,1,26-3-2016,55,38,46.5,0.00,0.0,0
1204,Montague St & Clinton St,Clark St & Henry St,Subscriber,1963,1,26-3-2016,55,38,46.5,0.00,0.0,0
494,Montague St & Clinton St,Bond St & Schermerhorn St,Subscriber,1975,2,26-3-2016,55,38,46.5,0.00,0.0,0
695,Montague St & Clinton St,Emerson Pl & Myrtle Ave,Subscriber,1990,1,26-3-2016,55,38,46.5,0.00,0.0,0
308,Montague St & Clinton St,Clark St & Henry St,Subscriber,1991,1,26-3-2016,55,38,46.5,0.00,0.0,0
610,Montague St & Clinton St,Cumberland St & Lafayette Ave,Subscriber,1980,2,26-3-2016,55,38,46.5,0.00,0.0,0
582,Montague St & Clinton St,Clinton St & Tillary St,Subscriber,1966,1,26-3-2016,55,38,46.5,0.00,0.0,0
2187,Montague St & Clinton St,Bank St & Hudson St,Subscriber,1982,1,26-3-2016,55,38,46.5,0.00,0.0,0
1698,Montague St & Clinton St,Lafayette Ave & Classon Ave,Subscriber,1980,1,26-3-2016,55,38,46.5,0.00,0.0,0
1618,Montague St & Clinton St,Lafayette Ave & Classon Ave,Customer,"",0,26-3-2016,55,38,46.5,0.00,0.0,0
475,Montague St & Clinton St,Old Fulton St,Subscriber,1974,1,27-3-2016,55,43,49.0,0.00,0.0,0
119,Montague St & Clinton St,Hicks St & Montague St,Subscriber,1964,1,27-3-2016,55,43,49.0,0.00,0.0,0
736,Montague St & Clinton St,Washington Ave & Park Ave,Subscriber,1985,1,27-3-2016,55,43,49.0,0.00,0.0,0
1194,Montague St & Clinton St,Wythe Ave & Metropolitan Ave,Subscriber,1970,1,27-3-2016,55,43,49.0,0.00,0.0,0
159,Montague St & Clinton St,Henry St & Atlantic Ave,Subscriber,1968,1,27-3-2016,55,43,49.0,0.00,0.0,0
251,Montague St & Clinton St,York St & Jay St,Subscriber,1986,1,27-3-2016,55,43,49.0,0.00,0.0,0
2494,Montague St & Clinton St,E 14 St & Avenue B,Customer,"",0,27-3-2016,55,43,49.0,0.00,0.0,0
2306,Montague St & Clinton St,N 6 St & Bedford Ave,Customer,"",0,27-3-2016,55,43,49.0,0.00,0.0,0
234,Montague St & Clinton St,Clark St & Henry St,Subscriber,1961,2,28-3-2016,62,42,52.0,0.38,0.0,0
1371,Montague St & Clinton St,Willoughby Ave & Tompkins Ave,Subscriber,1966,1,28-3-2016,62,42,52.0,0.38,0.0,0
1181,Montague St & Clinton St,Duffield St & Willoughby St,Subscriber,1951,2,28-3-2016,62,42,52.0,0.38,0.0,0
162,Montague St & Clinton St,Clark St & Henry St,Subscriber,1991,1,28-3-2016,62,42,52.0,0.38,0.0,0
263,Montague St & Clinton St,State St & Smith St,Subscriber,1983,1,28-3-2016,62,42,52.0,0.38,0.0,0
1507,Montague St & Clinton St,West St & Chambers St,Subscriber,1955,2,28-3-2016,62,42,52.0,0.38,0.0,0
334,Montague St & Clinton St,State St & Smith St,Subscriber,1991,1,28-3-2016,62,42,52.0,0.38,0.0,0
113,Montague St & Clinton St,Clinton St & Tillary St,Subscriber,1954,1,28-3-2016,62,42,52.0,0.38,0.0,0
1174,Montague St & Clinton St,Wythe Ave & Metropolitan Ave,Subscriber,1970,1,28-3-2016,62,42,52.0,0.38,0.0,0
248,Montague St & Clinton St,Clark St & Henry St,Subscriber,1961,2,29-3-2016,53,40,46.5,0.00,0.0,0
695,Montague St & Clinton St,DeKalb Ave & Vanderbilt Ave,Subscriber,1983,2,29-3-2016,53,40,46.5,0.00,0.0,0
673,Montague St & Clinton St,Centre St & Chambers St,Subscriber,1983,1,29-3-2016,53,40,46.5,0.00,0.0,0
1032,Montague St & Clinton St,Pearl St & Hanover Square,Subscriber,1986,2,29-3-2016,53,40,46.5,0.00,0.0,0
976,Montague St & Clinton St,Barclay St & Church St,Subscriber,1966,1,29-3-2016,53,40,46.5,0.00,0.0,0
778,Montague St & Clinton St,Washington Ave & Park Ave,Subscriber,1985,1,29-3-2016,53,40,46.5,0.00,0.0,0
153,Montague St & Clinton St,Hicks St & Montague St,Subscriber,1991,1,29-3-2016,53,40,46.5,0.00,0.0,0
439,Montague St & Clinton St,Front St & Gold St,Subscriber,1975,2,29-3-2016,53,40,46.5,0.00,0.0,0
1220,Montague St & Clinton St,Clark St & Henry St,Subscriber,1959,1,29-3-2016,53,40,46.5,0.00,0.0,0
1195,Montague St & Clinton St,Bond St & Schermerhorn St,Customer,"",0,29-3-2016,53,40,46.5,0.00,0.0,0
1756,Montague St & Clinton St,Dean St & 4 Ave,Customer,"",0,29-3-2016,53,40,46.5,0.00,0.0,0
1741,Montague St & Clinton St,Dean St & 4 Ave,Customer,"",0,29-3-2016,53,40,46.5,0.00,0.0,0
1749,Montague St & Clinton St,Dean St & 4 Ave,Customer,"",0,29-3-2016,53,40,46.5,0.00,0.0,0
1729,Montague St & Clinton St,Dean St & 4 Ave,Customer,"",0,29-3-2016,53,40,46.5,0.00,0.0,0
1633,Montague St & Clinton St,Dean St & 4 Ave,Customer,"",0,29-3-2016,53,40,46.5,0.00,0.0,0
1634,Montague St & Clinton St,Dean St & 4 Ave,Customer,"",0,29-3-2016,53,40,46.5,0.00,0.0,0
1855,Montague St & Clinton St,Greenwich Ave & Charles St,Subscriber,1954,1,29-3-2016,53,40,46.5,0.00,0.0,0
185,Montague St & Clinton St,Henry St & Atlantic Ave,Subscriber,1991,1,29-3-2016,53,40,46.5,0.00,0.0,0
100,Montague St & Clinton St,Hicks St & Montague St,Subscriber,1985,1,29-3-2016,53,40,46.5,0.00,0.0,0
2268,Montague St & Clinton St,Atlantic Ave & Fort Greene Pl,Customer,"",0,29-3-2016,53,40,46.5,0.00,0.0,0
2233,Montague St & Clinton St,Atlantic Ave & Fort Greene Pl,Customer,"",0,29-3-2016,53,40,46.5,0.00,0.0,0
1128,Montague St & Clinton St,Lafayette St & Jersey St,Subscriber,1985,1,29-3-2016,53,40,46.5,0.00,0.0,0
307,Montague St & Clinton St,Old Fulton St,Subscriber,1990,1,30-3-2016,56,37,46.5,0.00,0.0,0
667,Montague St & Clinton St,Centre St & Chambers St,Subscriber,1983,1,30-3-2016,56,37,46.5,0.00,0.0,0
405,Montague St & Clinton St,Pearl St & Anchorage Pl,Subscriber,1977,1,30-3-2016,56,37,46.5,0.00,0.0,0
1553,Montague St & Clinton St,Bank St & Washington St,Subscriber,1954,1,30-3-2016,56,37,46.5,0.00,0.0,0
2238,Montague St & Clinton St,Pershing Square North,Subscriber,1975,1,30-3-2016,56,37,46.5,0.00,0.0,0
411,Montague St & Clinton St,Front St & Gold St,Subscriber,1973,2,30-3-2016,56,37,46.5,0.00,0.0,0
938,Montague St & Clinton St,York St & Jay St,Customer,"",0,30-3-2016,56,37,46.5,0.00,0.0,0
1382,Montague St & Clinton St,Hudson St & Reade St,Subscriber,1965,2,30-3-2016,56,37,46.5,0.00,0.0,0
660,Montague St & Clinton St,Dean St & 4 Ave,Subscriber,1975,1,30-3-2016,56,37,46.5,0.00,0.0,0
347,Montague St & Clinton St,Brooklyn Bridge Park - Pier 2,Subscriber,1980,1,30-3-2016,56,37,46.5,0.00,0.0,0
462,Montague St & Clinton St,State St & Smith St,Subscriber,1985,1,30-3-2016,56,37,46.5,0.00,0.0,0
321,Montague St & Clinton St,Hicks St & Montague St,Customer,"",0,30-3-2016,56,37,46.5,0.00,0.0,0
336,Montague St & Clinton St,Hicks St & Montague St,Customer,"",0,30-3-2016,56,37,46.5,0.00,0.0,0
1268,Montague St & Clinton St,Wythe Ave & Metropolitan Ave,Subscriber,1970,1,30-3-2016,56,37,46.5,0.00,0.0,0
150,Montague St & Clinton St,Clark St & Henry St,Subscriber,1994,1,30-3-2016,56,37,46.5,0.00,0.0,0
338,Montague St & Clinton St,Old Fulton St,Subscriber,1956,1,30-3-2016,56,37,46.5,0.00,0.0,0
197,Montague St & Clinton St,Clark St & Henry St,Subscriber,1961,2,31-3-2016,73,49,61.0,0.00,0.0,0
944,Montague St & Clinton St,Centre St & Chambers St,Subscriber,1977,1,31-3-2016,73,49,61.0,0.00,0.0,0
2146,Montague St & Clinton St,Pershing Square North,Subscriber,1975,1,31-3-2016,73,49,61.0,0.00,0.0,0
2518,Montague St & Clinton St,W 44 St & 5 Ave,Subscriber,1980,1,31-3-2016,73,49,61.0,0.00,0.0,0
2065,Montague St & Clinton St,W 37 St & 5 Ave,Subscriber,1987,1,31-3-2016,73,49,61.0,0.00,0.0,0
929,Montague St & Clinton St,Howard St & Centre St,Subscriber,1985,1,31-3-2016,73,49,61.0,0.00,0.0,0
388,Montague St & Clinton St,Front St & Gold St,Subscriber,1973,2,31-3-2016,73,49,61.0,0.00,0.0,0
1536,Montague St & Clinton St,Old Fulton St,Customer,"",0,31-3-2016,73,49,61.0,0.00,0.0,0
183,Montague St & Clinton St,Hicks St & Montague St,Subscriber,1951,1,31-3-2016,73,49,61.0,0.00,0.0,0
265,Montague St & Clinton St,Front St & Washington St,Subscriber,1982,1,31-3-2016,73,49,61.0,0.00,0.0,0
213,Montague St & Clinton St,Henry St & Atlantic Ave,Subscriber,1984,2,31-3-2016,73,49,61.0,0.00,0.0,0
521,Montague St & Clinton St,Atlantic Ave & Furman St,Subscriber,1954,1,31-3-2016,73,49,61.0,0.00,0.0,0
220,Montague St & Clinton St,Henry St & Poplar St,Subscriber,1974,1,31-3-2016,73,49,61.0,0.00,0.0,0
281,Montague St & Clinton St,Front St & Washington St,Subscriber,1982,1,31-3-2016,73,49,61.0,0.00,0.0,0
248,Montague St & Clinton St,Henry St & Atlantic Ave,Subscriber,1973,1,31-3-2016,73,49,61.0,0.00,0.0,0
652,Montague St & Clinton St,Dean St & 4 Ave,Subscriber,1989,1,31-3-2016,73,49,61.0,0.00,0.0,0
1794,Montague St & Clinton St,McGuinness Blvd & Eagle St,Subscriber,1975,1,31-3-2016,73,49,61.0,0.00,0.0,0
1188,Montague St & Clinton St,Greenwich St & W Houston St,Subscriber,1983,1,31-3-2016,73,49,61.0,0.00,0.0,0
295,Vesey Pl & River Terrace,West Thames St,Subscriber,1956,1,30-4-2016,65,46,55.5,0.00,0.0,0
1326,Centre St & Chambers St,West St & Chambers St,Customer,"",0,30-4-2016,65,46,55.5,0.00,0.0,0
241,Vesey Pl & River Terrace,West Thames St,Customer,"",0,30-4-2016,65,46,55.5,0.00,0.0,0
280,2 Ave & E 31 St,E 20 St & 2 Ave,Subscriber,1971,2,30-4-2016,65,46,55.5,0.00,0.0,0
2384,Riverside Dr & W 72 St,MacDougal St & Prince St,Subscriber,1966,1,30-4-2016,65,46,55.5,0.00,0.0,0
497,E 11 St & 1 Ave,Sullivan St & Washington Sq,Subscriber,1982,1,30-4-2016,65,46,55.5,0.00,0.0,0
738,W 84 St & Broadway,5 Ave & E 73 St,Subscriber,1962,2,30-4-2016,65,46,55.5,0.00,0.0,0
1328,W 84 St & Broadway,W 42 St & 8 Ave,Subscriber,1954,1,30-4-2016,65,46,55.5,0.00,0.0,0
617,Jay St & Tech Pl,S Portland Ave & Hanson Pl,Customer,"",0,30-4-2016,65,46,55.5,0.00,0.0,0
890,Sullivan St & Washington Sq,Broadway & W 39 St,Subscriber,1987,1,30-4-2016,65,46,55.5,0.00,0.0,0
218,E 4 St & 2 Ave,Forsyth St & Broome St,Subscriber,1988,1,30-4-2016,65,46,55.5,0.00,0.0,0
1113,E 23 St & 1 Ave,W 53 St & 10 Ave,Subscriber,1992,1,30-4-2016,65,46,55.5,0.00,0.0,0
1613,W 54 St & 9 Ave,Allen St & Hester St,Subscriber,1991,1,30-4-2016,65,46,55.5,0.00,0.0,0
646,Canal St & Rutgers St,1 Ave & E 15 St,Subscriber,1988,1,30-4-2016,65,46,55.5,0.00,0.0,0
989,W 24 St & 7 Ave,E 13 St & Avenue A,Customer,"",0,30-4-2016,65,46,55.5,0.00,0.0,0
264,Broadway & W 24 St,Broadway & W 32 St,Subscriber,1973,1,30-4-2016,65,46,55.5,0.00,0.0,0
1522,West St & Chambers St,Centre St & Chambers St,Customer,"",0,30-4-2016,65,46,55.5,0.00,0.0,0
277,Cleveland Pl & Spring St,LaGuardia Pl & W 3 St,Subscriber,1987,1,30-4-2016,65,46,55.5,0.00,0.0,0
912,W 37 St & 5 Ave,W 38 St & 8 Ave,Customer,"",0,30-4-2016,65,46,55.5,0.00,0.0,0
628,W 20 St & 11 Ave,W 31 St & 7 Ave,Subscriber,1984,1,30-4-2016,65,46,55.5,0.00,0.0,0
564,Broadway & W 53 St,Grand Army Plaza & Central Park S,Subscriber,1986,1,30-4-2016,65,46,55.5,0.00,0.0,0
2185,Vesey Pl & River Terrace,Vesey Pl & River Terrace,Customer,"",0,30-4-2016,65,46,55.5,0.00,0.0,0
266,Carmine St & 6 Ave,Barrow St & Hudson St,Subscriber,1978,2,30-4-2016,65,46,55.5,0.00,0.0,0
1298,Warren St & Church St,Myrtle Ave & Marcy Ave,Subscriber,1988,1,30-4-2016,65,46,55.5,0.00,0.0,0
631,1 Ave & E 15 St,Madison St & Clinton St,Subscriber,1990,1,30-4-2016,65,46,55.5,0.00,0.0,0
531,W 41 St & 8 Ave,9 Ave & W 22 St,Subscriber,1965,1,30-4-2016,65,46,55.5,0.00,0.0,0
809,Cleveland Pl & Spring St,Greenwich St & Warren St,Customer,"",0,30-4-2016,65,46,55.5,0.00,0.0,0
413,Humboldt St & Varet St,Leonard St & Grand St,Subscriber,1991,2,30-4-2016,65,46,55.5,0.00,0.0,0
892,W 24 St & 7 Ave,E 13 St & Avenue A,Customer,"",0,30-4-2016,65,46,55.5,0.00,0.0,0
2335,St Marks Pl & 2 Ave,Lefferts Pl & Franklin Ave,Subscriber,1978,1,30-4-2016,65,46,55.5,0.00,0.0,0
1577,W 39 St & 9 Ave,Elizabeth St & Hester St,Subscriber,1981,2,30-4-2016,65,46,55.5,0.00,0.0,0
373,William St & Pine St,Little West St & 1 Pl,Subscriber,1983,1,30-4-2016,65,46,55.5,0.00,0.0,0
1098,Hudson St & Reade St,Hudson St & Reade St,Subscriber,1989,1,30-4-2016,65,46,55.5,0.00,0.0,0
1111,Hudson St & Reade St,Hudson St & Reade St,Subscriber,1989,2,30-4-2016,65,46,55.5,0.00,0.0,0
729,6 Ave & W 33 St,9 Ave & W 22 St,Subscriber,1989,1,30-4-2016,65,46,55.5,0.00,0.0,0
363,W 22 St & 8 Ave,11 Ave & W 27 St,Subscriber,1970,1,30-4-2016,65,46,55.5,0.00,0.0,0
667,W 26 St & 8 Ave,W 42 St & 8 Ave,Subscriber,1995,1,30-4-2016,65,46,55.5,0.00,0.0,0
665,W 26 St & 8 Ave,W 42 St & 8 Ave,Subscriber,1956,1,30-4-2016,65,46,55.5,0.00,0.0,0
167,Broadway & W 55 St,Central Park S & 6 Ave,Subscriber,1985,1,30-4-2016,65,46,55.5,0.00,0.0,0
801,5 Ave & E 73 St,E 40 St & 5 Ave,Customer,"",0,30-4-2016,65,46,55.5,0.00,0.0,0
1945,E 47 St & Park Ave,St Marks Pl & 1 Ave,Subscriber,1999,1,30-4-2016,65,46,55.5,0.00,0.0,0
818,Cleveland Pl & Spring St,E 19 St & 3 Ave,Subscriber,1993,1,30-4-2016,65,46,55.5,0.00,0.0,0
778,Broadway & E 14 St,E 2 St & Avenue C,Subscriber,1988,1,30-4-2016,65,46,55.5,0.00,0.0,0
116,Little West St & 1 Pl,Little West St & 1 Pl,Subscriber,1970,1,30-4-2016,65,46,55.5,0.00,0.0,0
238,Myrtle Ave & St Edwards St,Clermont Ave & Park Ave,Subscriber,1978,1,30-4-2016,65,46,55.5,0.00,0.0,0
441,Lexington Ave & E 29 St,FDR Drive & E 35 St,Subscriber,1988,1,30-4-2016,65,46,55.5,0.00,0.0,0
803,S 5 Pl & S 4 St,Rivington St & Ridge St,Subscriber,1983,1,30-4-2016,65,46,55.5,0.00,0.0,0
636,W 26 St & 8 Ave,W 42 St & 8 Ave,Subscriber,1993,1,30-4-2016,65,46,55.5,0.00,0.0,0
613,Henry St & Grand St,Lafayette St & Jersey St,Subscriber,1966,1,30-4-2016,65,46,55.5,0.00,0.0,0
848,Hudson St & Reade St,St Marks Pl & 1 Ave,Subscriber,1983,2,30-4-2016,65,46,55.5,0.00,0.0,0
460,W 24 St & 7 Ave,Sullivan St & Washington Sq,Subscriber,1977,1,30-4-2016,65,46,55.5,0.00,0.0,0
300,South End Ave & Liberty St,Cliff St & Fulton St,Subscriber,1983,2,30-4-2016,65,46,55.5,0.00,0.0,0
423,E 45 St & 3 Ave,Pershing Square North,Customer,"",0,30-4-2016,65,46,55.5,0.00,0.0,0
429,W 20 St & 8 Ave,Broadway & W 32 St,Subscriber,1987,1,30-4-2016,65,46,55.5,0.00,0.0,0
536,E 16 St & 5 Ave,1 Ave & E 15 St,Subscriber,1981,1,30-4-2016,65,46,55.5,0.00,0.0,0
1156,8 Ave & W 33 St,8 Ave & W 31 St N,Subscriber,1974,1,30-4-2016,65,46,55.5,0.00,0.0,0
128,N 11 St & Wythe Ave,N 11 St & Wythe Ave,Subscriber,1989,1,30-4-2016,65,46,55.5,0.00,0.0,0
888,W 47 St & 10 Ave,E 47 St & 1 Ave,Customer,"",0,30-4-2016,65,46,55.5,0.00,0.0,0
290,E 14 St & Avenue B,E 19 St & 3 Ave,Subscriber,1983,1,30-4-2016,65,46,55.5,0.00,0.0,0
877,W 47 St & 10 Ave,E 47 St & 1 Ave,Customer,"",0,30-4-2016,65,46,55.5,0.00,0.0,0
1408,W 74 St & Columbus Ave,W 74 St & Columbus Ave,Subscriber,1972,2,30-4-2016,65,46,55.5,0.00,0.0,0
1406,W 74 St & Columbus Ave,W 74 St & Columbus Ave,Subscriber,1967,1,30-4-2016,65,46,55.5,0.00,0.0,0
1057,West Thames St,Henry St & Grand St,Subscriber,1972,2,30-4-2016,65,46,55.5,0.00,0.0,0
263,E 10 St & Avenue A,Avenue D & E 3 St,Subscriber,1954,2,30-4-2016,65,46,55.5,0.00,0.0,0
1032,E 53 St & Lexington Ave,E 20 St & FDR Drive,Subscriber,1991,1,30-4-2016,65,46,55.5,0.00,0.0,0
448,Pitt St & Stanton St,Rivington St & Chrystie St,Subscriber,1989,1,30-4-2016,65,46,55.5,0.00,0.0,0
611,Washington Pl & Broadway,Christopher St & Greenwich St,Subscriber,1976,2,30-4-2016,65,46,55.5,0.00,0.0,0
445,Pitt St & Stanton St,Rivington St & Chrystie St,Subscriber,1991,1,30-4-2016,65,46,55.5,0.00,0.0,0
1149,Lafayette St & E 8 St,West Thames St,Subscriber,1995,1,30-4-2016,65,46,55.5,0.00,0.0,0
820,9 Ave & W 16 St,Broadway & W 55 St,Subscriber,1981,1,30-4-2016,65,46,55.5,0.00,0.0,0
333,Little West St & 1 Pl,West St & Chambers St,Subscriber,1970,1,30-4-2016,65,46,55.5,0.00,0.0,0
597,W 11 St & 6 Ave,St Marks Pl & 1 Ave,Subscriber,1993,1,30-4-2016,65,46,55.5,0.00,0.0,0
798,Lexington Ave & E 29 St,W 43 St & 10 Ave,Subscriber,1972,1,30-4-2016,65,46,55.5,0.00,0.0,0
295,Myrtle Ave & Lewis Ave,McKibbin St & Manhattan Ave,Subscriber,1988,2,30-4-2016,65,46,55.5,0.00,0.0,0
534,Concord St & Bridge St,Carlton Ave & Park Ave,Subscriber,1991,2,30-4-2016,65,46,55.5,0.00,0.0,0
645,Watts St & Greenwich St,Broadway & Battery Pl,Subscriber,1965,1,30-4-2016,65,46,55.5,0.00,0.0,0
575,Amsterdam Ave & W 82 St,W 67 St & Broadway,Subscriber,1981,1,30-4-2016,65,46,55.5,0.00,0.0,0
249,9 Ave & W 16 St,9 Ave & W 22 St,Subscriber,1968,1,30-4-2016,65,46,55.5,0.00,0.0,0
694,E 33 St & 5 Ave,1 Ave & E 15 St,Subscriber,1981,1,30-4-2016,65,46,55.5,0.00,0.0,0
1465,W 16 St & The High Line,South End Ave & Liberty St,Subscriber,1961,1,30-4-2016,65,46,55.5,0.00,0.0,0
1405,W 16 St & The High Line,South End Ave & Liberty St,Subscriber,1967,2,30-4-2016,65,46,55.5,0.00,0.0,0
968,W 20 St & 8 Ave,E 9 St & Avenue C,Subscriber,1987,1,30-4-2016,65,46,55.5,0.00,0.0,0
269,Henry St & Atlantic Ave,Bond St & Schermerhorn St,Subscriber,1981,1,30-4-2016,65,46,55.5,0.00,0.0,0
469,Greenwich Ave & Charles St,W 22 St & 10 Ave,Subscriber,1984,1,30-4-2016,65,46,55.5,0.00,0.0,0
220,E 17 St & Broadway,Broadway & W 24 St,Subscriber,1970,1,30-4-2016,65,46,55.5,0.00,0.0,0
3082,Elizabeth St & Hester St,Canal St & Rutgers St,Customer,"",0,30-4-2016,65,46,55.5,0.00,0.0,0
759,Lewis Ave & Decatur St,Fulton St & Washington Ave,Subscriber,1981,1,30-4-2016,65,46,55.5,0.00,0.0,0
603,W 70 St & Amsterdam Ave,Lexington Ave & E 63 St,Subscriber,1984,1,30-4-2016,65,46,55.5,0.00,0.0,0
709,W 45 St & 6 Ave,E 25 St & 2 Ave,Subscriber,1963,1,30-4-2016,65,46,55.5,0.00,0.0,0
129,E 7 St & Avenue A,E 13 St & Avenue A,Subscriber,1971,1,30-4-2016,65,46,55.5,0.00,0.0,0
403,Lawrence St & Willoughby St,Adelphi St & Myrtle Ave,Subscriber,1968,1,30-4-2016,65,46,55.5,0.00,0.0,0
375,Forsyth St & Broome St,Bialystoker Pl & Delancey St,Subscriber,1975,1,30-4-2016,65,46,55.5,0.00,0.0,0
258,W 21 St & 6 Ave,Greenwich Ave & Charles St,Subscriber,1967,1,30-4-2016,65,46,55.5,0.00,0.0,0
15107,W 26 St & 10 Ave,W 53 St & 10 Ave,Subscriber,1991,1,30-4-2016,65,46,55.5,0.00,0.0,0
130,E 55 St & 2 Ave,E 58 St & 1 Ave,Subscriber,1961,1,30-4-2016,65,46,55.5,0.00,0.0,0
318,Lewis Ave & Kosciuszko St,Park Ave & Marcus Garvey Blvd,Subscriber,1982,1,30-4-2016,65,46,55.5,0.00,0.0,0
319,Henry St & Atlantic Ave,Clark St & Henry St,Subscriber,1975,1,30-4-2016,65,46,55.5,0.00,0.0,0
313,Allen St & Hester St,Madison St & Montgomery St,Subscriber,1965,1,30-4-2016,65,46,55.5,0.00,0.0,0
338,11 Ave & W 27 St,W 33 St & 7 Ave,Subscriber,1982,1,30-4-2016,65,46,55.5,0.00,0.0,0
102,Elizabeth St & Hester St,Elizabeth St & Hester St,Customer,"",0,30-4-2016,65,46,55.5,0.00,0.0,0
120,Mott St & Prince St,Rivington St & Chrystie St,Subscriber,1986,1,31-5-2016,85,71,78.0,0.00,0.0,0
991,Mott St & Prince St,South End Ave & Liberty St,Subscriber,1983,1,31-5-2016,85,71,78.0,0.00,0.0,0
2215,Hope St & Union Ave,Clinton St & Joralemon St,Subscriber,1974,1,31-5-2016,85,71,78.0,0.00,0.0,0
219,W 47 St & 10 Ave,W 39 St & 9 Ave,Subscriber,1990,1,31-5-2016,85,71,78.0,0.00,0.0,0
1011,3 Ave & E 62 St,W 20 St & 7 Ave,Subscriber,1970,1,31-5-2016,85,71,78.0,0.00,0.0,0
410,Concord St & Bridge St,Carlton Ave & Park Ave,Subscriber,1991,2,31-5-2016,85,71,78.0,0.00,0.0,0
1248,W 14 St & The High Line,W 21 St & 6 Ave,Subscriber,1991,1,31-5-2016,85,71,78.0,0.00,0.0,0
1296,South End Ave & Liberty St,W 20 St & 11 Ave,Customer,"",0,31-5-2016,85,71,78.0,0.00,0.0,0
925,E 51 St & 1 Ave,9 Ave & W 45 St,Subscriber,1996,1,31-5-2016,85,71,78.0,0.00,0.0,0
418,Lexington Ave & E 63 St,E 77 St & 3 Ave,Subscriber,1994,1,31-5-2016,85,71,78.0,0.00,0.0,0
1046,Wythe Ave & Metropolitan Ave,Lexington Ave & Classon Ave,Subscriber,1993,1,31-5-2016,85,71,78.0,0.00,0.0,0
1270,South End Ave & Liberty St,W 20 St & 11 Ave,Customer,"",0,31-5-2016,85,71,78.0,0.00,0.0,0
378,E 15 St & 3 Ave,1 Ave & E 30 St,Subscriber,1982,1,31-5-2016,85,71,78.0,0.00,0.0,0
381,Metropolitan Ave & Bedford Ave,Bedford Ave & Nassau Ave,Subscriber,1984,0,31-5-2016,85,71,78.0,0.00,0.0,0
661,E 23 St & 1 Ave,E 2 St & Avenue B,Subscriber,1992,2,31-5-2016,85,71,78.0,0.00,0.0,0
745,W 37 St & 5 Ave,Broadway & W 60 St,Subscriber,1983,1,31-5-2016,85,71,78.0,0.00,0.0,0
201,Barrow St & Hudson St,W 4 St & 7 Ave S,Subscriber,1980,1,31-5-2016,85,71,78.0,0.00,0.0,0
1013,Broadway & Battery Pl,Christopher St & Greenwich St,Subscriber,1972,1,31-5-2016,85,71,78.0,0.00,0.0,0
1574,Metropolitan Ave & Meeker Ave,Lefferts Pl & Franklin Ave,Subscriber,1981,2,31-5-2016,85,71,78.0,0.00,0.0,0
1216,44 Dr & Jackson Ave,Driggs Ave & N Henry St,Subscriber,1983,1,31-5-2016,85,71,78.0,0.00,0.0,0
727,Meserole Ave & Manhattan Ave,S 4 St & Rodney St,Subscriber,1985,1,31-5-2016,85,71,78.0,0.00,0.0,0
364,Lexington Ave & E 24 St,W 20 St & 8 Ave,Subscriber,1980,1,31-5-2016,85,71,78.0,0.00,0.0,0
416,Market St & Cherry St,Old Slip & Front St,Subscriber,1962,1,31-5-2016,85,71,78.0,0.00,0.0,0
325,Christopher St & Greenwich St,W 22 St & 8 Ave,Subscriber,1987,1,31-5-2016,85,71,78.0,0.00,0.0,0
828,Willoughby Ave & Walworth St,Union Ave & Wallabout St,Subscriber,1993,1,31-5-2016,85,71,78.0,0.00,0.0,0
280,South End Ave & Liberty St,Hudson St & Reade St,Subscriber,1972,1,31-5-2016,85,71,78.0,0.00,0.0,0
1633,South End Ave & Liberty St,W 42 St & Dyer Ave,Subscriber,1980,1,31-5-2016,85,71,78.0,0.00,0.0,0
179,W 13 St & 5 Ave,Sullivan St & Washington Sq,Subscriber,1989,1,31-5-2016,85,71,78.0,0.00,0.0,0
1169,Amsterdam Ave & W 73 St,9 Ave & W 22 St,Subscriber,1975,2,31-5-2016,85,71,78.0,0.00,0.0,0
290,Sullivan St & Washington Sq,W 15 St & 7 Ave,Subscriber,1988,1,31-5-2016,85,71,78.0,0.00,0.0,0
775,Lexington Ave & E 24 St,E 10 St & Avenue A,Subscriber,1984,1,31-5-2016,85,71,78.0,0.00,0.0,0
1602,South End Ave & Liberty St,W 42 St & Dyer Ave,Subscriber,1980,1,31-5-2016,85,71,78.0,0.00,0.0,0
268,Mercer St & Spring St,University Pl & E 8 St,Subscriber,1966,1,31-5-2016,85,71,78.0,0.00,0.0,0
239,W 82 St & Central Park West,W 82 St & Central Park West,Subscriber,1969,1,31-5-2016,85,71,78.0,0.00,0.0,0
2549,W 20 St & 8 Ave,8 Ave & W 31 St,Customer,"",0,31-5-2016,85,71,78.0,0.00,0.0,0
448,Stanton St & Chrystie St,E 10 St & Avenue A,Subscriber,1960,1,31-5-2016,85,71,78.0,0.00,0.0,0
1757,W 26 St & 8 Ave,Allen St & Stanton St,Subscriber,1973,1,31-5-2016,85,71,78.0,0.00,0.0,0
2539,W 20 St & 8 Ave,8 Ave & W 31 St,Customer,"",0,31-5-2016,85,71,78.0,0.00,0.0,0
124,W 11 St & 6 Ave,W 4 St & 7 Ave S,Subscriber,1960,2,31-5-2016,85,71,78.0,0.00,0.0,0
1017,W 52 St & 9 Ave,Lexington Ave & E 24 St,Subscriber,1985,1,31-5-2016,85,71,78.0,0.00,0.0,0
234,W 26 St & 10 Ave,W 22 St & 8 Ave,Subscriber,1966,1,31-5-2016,85,71,78.0,0.00,0.0,0
414,John St & William St,John St & William St,Subscriber,1969,1,31-5-2016,85,71,78.0,0.00,0.0,0
1428,E 55 St & Lexington Ave,W 47 St & 10 Ave,Subscriber,1970,1,31-5-2016,85,71,78.0,0.00,0.0,0
1646,Forsyth St & Broome St,Lewis Ave & Decatur St,Subscriber,1984,2,31-5-2016,85,71,78.0,0.00,0.0,0
1486,Forsyth St & Broome St,1 Ave & E 78 St,Subscriber,1984,1,31-5-2016,85,71,78.0,0.00,0.0,0
374,9 St & 44 Rd,Queens Plaza North & Crescent St,Subscriber,1986,1,31-5-2016,85,71,78.0,0.00,0.0,0
332,E 11 St & 2 Ave,Broadway & E 14 St,Subscriber,1983,1,31-5-2016,85,71,78.0,0.00,0.0,0
494,E 52 St & 2 Ave,E 33 St & 2 Ave,Subscriber,1989,1,31-5-2016,85,71,78.0,0.00,0.0,0
752,LaGuardia Pl & W 3 St,1 Ave & E 18 St,Subscriber,1978,1,31-5-2016,85,71,78.0,0.00,0.0,0
570,E 4 St & 2 Ave,Greenwich St & W Houston St,Subscriber,1984,1,31-5-2016,85,71,78.0,0.00,0.0,0
428,Union Ave & Jackson St,S 3 St & Bedford Ave,Subscriber,1990,1,31-5-2016,85,71,78.0,0.00,0.0,0
488,Clinton Ave & Myrtle Ave,Fulton St & Washington Ave,Subscriber,1970,1,31-5-2016,85,71,78.0,0.00,0.0,0
486,E 2 St & Avenue B,E 25 St & 2 Ave,Subscriber,1989,1,31-5-2016,85,71,78.0,0.00,0.0,0
292,W 39 St & 9 Ave,11 Ave & W 27 St,Subscriber,1993,1,31-5-2016,85,71,78.0,0.00,0.0,0
166,W 4 St & 7 Ave S,W 13 St & 6 Ave,Subscriber,1984,1,31-5-2016,85,71,78.0,0.00,0.0,0
299,LaGuardia Pl & W 3 St,W Broadway & Spring St,Subscriber,1985,1,31-5-2016,85,71,78.0,0.00,0.0,0
614,E 11 St & 2 Ave,Rivington St & Ridge St,Subscriber,1971,1,31-5-2016,85,71,78.0,0.00,0.0,0
974,LaGuardia Pl & W 3 St,LaGuardia Pl & W 3 St,Subscriber,1983,1,31-5-2016,85,71,78.0,0.00,0.0,0
771,Rivington St & Chrystie St,E 25 St & 1 Ave,Subscriber,1969,1,31-5-2016,85,71,78.0,0.00,0.0,0
853,E 7 St & Avenue A,Broadway & E 22 St,Subscriber,1966,2,31-5-2016,85,71,78.0,0.00,0.0,0
1691,1 Ave & E 62 St,Canal St & Rutgers St,Subscriber,1982,1,31-5-2016,85,71,78.0,0.00,0.0,0
149,Graham Ave & Conselyea St,Graham Ave & Herbert St,Subscriber,1973,1,31-5-2016,85,71,78.0,0.00,0.0,0
1261,Broadway & W 32 St,Barrow St & Hudson St,Subscriber,1988,1,31-5-2016,85,71,78.0,0.00,0.0,0
603,University Pl & E 8 St,E 33 St & 2 Ave,Subscriber,1990,2,31-5-2016,85,71,78.0,0.00,0.0,0
436,E 4 St & 2 Ave,Lexington Ave & E 24 St,Subscriber,1963,1,31-5-2016,85,71,78.0,0.00,0.0,0
376,Norfolk St & Broome St,St James Pl & Oliver St,Subscriber,1990,2,31-5-2016,85,71,78.0,0.00,0.0,0
394,6 Ave & Broome St,W 11 St & 6 Ave,Subscriber,1955,1,31-5-2016,85,71,78.0,0.00,0.0,0
293,Canal St & Rutgers St,E 3 St & 1 Ave,Subscriber,1994,1,31-5-2016,85,71,78.0,0.00,0.0,0
1204,Clinton St & Grand St,South End Ave & Liberty St,Subscriber,1980,2,31-5-2016,85,71,78.0,0.00,0.0,0
1066,Leonard St & Church St,1 Ave & E 15 St,Subscriber,1982,1,31-5-2016,85,71,78.0,0.00,0.0,0
634,W 20 St & 8 Ave,Lafayette St & E 8 St,Subscriber,1960,1,31-5-2016,85,71,78.0,0.00,0.0,0
593,Watts St & Greenwich St,Great Jones St,Subscriber,1993,1,31-5-2016,85,71,78.0,0.00,0.0,0
722,N 11 St & Wythe Ave,Broadway & Berry St,Customer,"",0,31-5-2016,85,71,78.0,0.00,0.0,0
158,Broadway & E 14 St,Washington Pl & Broadway,Subscriber,1980,2,31-5-2016,85,71,78.0,0.00,0.0,0
1273,Metropolitan Ave & Bedford Ave,Milton St & Franklin St,Customer,"",0,31-5-2016,85,71,78.0,0.00,0.0,0
738,W 45 St & 8 Ave,1 Ave & E 30 St,Subscriber,1992,2,31-5-2016,85,71,78.0,0.00,0.0,0
600,N 15 St & Wythe Ave,Grand St & Havemeyer St,Subscriber,1991,1,31-5-2016,85,71,78.0,0.00,0.0,0
2197,Banker St & Meserole Ave,Pearl St & Anchorage Pl,Subscriber,"",0,31-5-2016,85,71,78.0,0.00,0.0,0
377,Bond St & Schermerhorn St,Clermont Ave & Lafayette Ave,Subscriber,1986,1,31-5-2016,85,71,78.0,0.00,0.0,0
464,Broadway & W 32 St,W 38 St & 8 Ave,Subscriber,1980,2,31-5-2016,85,71,78.0,0.00,0.0,0
518,Driggs Ave & N Henry St,Huron St & Franklin St,Subscriber,1985,2,31-5-2016,85,71,78.0,0.00,0.0,0
449,9 Ave & W 18 St,E 16 St & Irving Pl,Subscriber,1960,1,31-5-2016,85,71,78.0,0.00,0.0,0
1850,W 82 St & Central Park West,Columbus Ave & W 72 St,Subscriber,1969,1,31-5-2016,85,71,78.0,0.00,0.0,0
164,W 42 St & 8 Ave,W 43 St & 10 Ave,Subscriber,1987,1,31-5-2016,85,71,78.0,0.00,0.0,0
38342,Hudson St & Reade St,W 14 St & The High Line,Subscriber,1992,2,31-5-2016,85,71,78.0,0.00,0.0,0
804,E 23 St & 1 Ave,9 Ave & W 18 St,Subscriber,1993,2,31-5-2016,85,71,78.0,0.00,0.0,0
824,11 Ave & W 27 St,11 Ave & W 59 St,Subscriber,1988,1,31-5-2016,85,71,78.0,0.00,0.0,0
1880,South End Ave & Liberty St,Broadway & W 49 St,Subscriber,1978,2,31-5-2016,85,71,78.0,0.00,0.0,0
2000,Carmine St & 6 Ave,W 78 St & Broadway,Subscriber,1975,1,31-5-2016,85,71,78.0,0.00,0.0,0
1059,W 11 St & 6 Ave,Allen St & Stanton St,Subscriber,1986,1,31-5-2016,85,71,78.0,0.00,0.0,0
194,E 81 St & York Ave,E 72 St & York Ave,Subscriber,1990,1,31-5-2016,85,71,78.0,0.00,0.0,0
541,E 12 St & 3 Ave,W 13 St & Hudson St,Subscriber,1982,1,31-5-2016,85,71,78.0,0.00,0.0,0
267,Broadway & E 22 St,Lafayette St & E 8 St,Subscriber,1982,1,31-5-2016,85,71,78.0,0.00,0.0,0
660,LaGuardia Pl & W 3 St,Pike St & E Broadway,Subscriber,1989,1,31-5-2016,85,71,78.0,0.00,0.0,0
526,E 12 St & 3 Ave,W 13 St & Hudson St,Subscriber,1993,2,31-5-2016,85,71,78.0,0.00,0.0,0
309,Fulton St & Clermont Ave,Cambridge Pl & Gates Ave,Subscriber,1987,2,31-5-2016,85,71,78.0,0.00,0.0,0
985,Forsyth St & Broome St,Broadway & E 22 St,Subscriber,1966,1,31-5-2016,85,71,78.0,0.00,0.0,0
674,MacDougal St & Prince St,Duane St & Greenwich St,Subscriber,1998,1,31-5-2016,85,71,78.0,0.00,0.0,0
533,Grand Army Plaza & Central Park S,W 41 St & 8 Ave,Subscriber,1970,1,31-5-2016,85,71,78.0,0.00,0.0,0
457,W 41 St & 8 Ave,Broadway & W 58 St,Subscriber,1975,1,31-5-2016,85,71,78.0,0.00,0.0,0
1848,W 4 St & 7 Ave S,11 Ave & W 59 St,Subscriber,1989,1,30-6-2016,85,67,76.0,0.00,0.0,0
178,Bedford Ave & Nassau Ave,Meserole Ave & Manhattan Ave,Subscriber,1972,1,30-6-2016,85,67,76.0,0.00,0.0,0
93,Canal St & Rutgers St,Pike St & E Broadway,Subscriber,1988,1,30-6-2016,85,67,76.0,0.00,0.0,0
522,E 11 St & 1 Ave,W 17 St & 8 Ave,Subscriber,1980,1,30-6-2016,85,67,76.0,0.00,0.0,0
219,Adelphi St & Myrtle Ave,Clermont Ave & Park Ave,Subscriber,1981,1,30-6-2016,85,67,76.0,0.00,0.0,0
391,Devoe St & Leonard St,S 4 St & Rodney St,Subscriber,1991,2,30-6-2016,85,67,76.0,0.00,0.0,0
591,E 30 St & Park Ave S,Pershing Square North,Subscriber,1963,1,30-6-2016,85,67,76.0,0.00,0.0,0
400,W 26 St & 8 Ave,E 27 St & 1 Ave,Subscriber,1979,1,30-6-2016,85,67,76.0,0.00,0.0,0
264,Amsterdam Ave & W 73 St,Amsterdam Ave & W 82 St,Subscriber,1979,1,30-6-2016,85,67,76.0,0.00,0.0,0
486,Fulton St & Rockwell Pl,Fulton St & Washington Ave,Subscriber,1978,2,30-6-2016,85,67,76.0,0.00,0.0,0
315,Lexington Ave & Classon Ave,DeKalb Ave & Vanderbilt Ave,Subscriber,1975,1,30-6-2016,85,67,76.0,0.00,0.0,0
3008,Dean St & 4 Ave,Nassau Ave & Newell St,Subscriber,1985,2,30-6-2016,85,67,76.0,0.00,0.0,0
468,Bank St & Hudson St,Greenwich St & N Moore St,Subscriber,1986,1,30-6-2016,85,67,76.0,0.00,0.0,0
727,MacDougal St & Prince St,W 17 St & 8 Ave,Subscriber,1992,2,30-6-2016,85,67,76.0,0.00,0.0,0
671,Franklin St & W Broadway,Bank St & Hudson St,Customer,"",0,30-6-2016,85,67,76.0,0.00,0.0,0
474,W 24 St & 7 Ave,Washington Pl & Broadway,Subscriber,1991,1,30-6-2016,85,67,76.0,0.00,0.0,0
1775,W 4 St & 7 Ave S,11 Ave & W 59 St,Subscriber,1989,1,30-6-2016,85,67,76.0,0.00,0.0,0
1630,W 52 St & 9 Ave,9 Ave & W 22 St,Subscriber,1991,1,30-6-2016,85,67,76.0,0.00,0.0,0
1409,1 Ave & E 18 St,W 26 St & 8 Ave,Subscriber,1973,2,30-6-2016,85,67,76.0,0.00,0.0,0
591,Bank St & Hudson St,West St & Chambers St,Subscriber,1986,1,30-6-2016,85,67,76.0,0.00,0.0,0
484,India St & East River,N 11 St & Wythe Ave,Subscriber,1991,1,30-6-2016,85,67,76.0,0.00,0.0,0
1165,Sullivan St & Washington Sq,11 Ave & W 41 St,Subscriber,1989,1,30-6-2016,85,67,76.0,0.00,0.0,0
620,Cleveland Pl & Spring St,Broadway & Battery Pl,Subscriber,1978,2,30-6-2016,85,67,76.0,0.00,0.0,0
1085,W 41 St & 8 Ave,E 17 St & Broadway,Subscriber,1981,1,30-6-2016,85,67,76.0,0.00,0.0,0
447,W 67 St & Broadway,Amsterdam Ave & W 82 St,Subscriber,1983,1,30-6-2016,85,67,76.0,0.00,0.0,0
1998,S 5 Pl & S 4 St,Lewis Ave & Madison St,Subscriber,1978,1,30-6-2016,85,67,76.0,0.00,0.0,0
1600,E 19 St & 3 Ave,W 54 St & 9 Ave,Subscriber,1961,1,30-6-2016,85,67,76.0,0.00,0.0,0
133,E 55 St & 2 Ave,E 53 St & Lexington Ave,Subscriber,1986,1,30-6-2016,85,67,76.0,0.00,0.0,0
1079,E 13 St & Avenue A,Concord St & Bridge St,Subscriber,1985,1,30-6-2016,85,67,76.0,0.00,0.0,0
518,Greenwich Ave & 8 Ave,W 26 St & 10 Ave,Subscriber,1985,1,30-6-2016,85,67,76.0,0.00,0.0,0
818,5 Ave & E 29 St,E 3 St & 1 Ave,Subscriber,1988,1,30-6-2016,85,67,76.0,0.00,0.0,0
396,Concord St & Bridge St,Carlton Ave & Park Ave,Subscriber,1991,2,30-6-2016,85,67,76.0,0.00,0.0,0
1095,E 17 St & Broadway,Broadway & W 60 St,Subscriber,1981,1,30-6-2016,85,67,76.0,0.00,0.0,0
1242,Bialystoker Pl & Delancey St,Montrose Ave & Bushwick Ave,Customer,"",0,30-6-2016,85,67,76.0,0.00,0.0,0
2947,Bedford Ave & S 9 St,Bedford Ave & S 9 St,Customer,"",0,30-6-2016,85,67,76.0,0.00,0.0,0
1615,1 Ave & E 18 St,W 41 St & 8 Ave,Subscriber,1967,1,30-6-2016,85,67,76.0,0.00,0.0,0
2437,E 9 St & Avenue C,E 10 St & Avenue A,Customer,"",0,30-6-2016,85,67,76.0,0.00,0.0,0
314,St Marks Pl & 2 Ave,Allen St & Rivington St,Subscriber,1983,1,30-6-2016,85,67,76.0,0.00,0.0,0
481,E 58 St & 3 Ave,E 72 St & York Ave,Subscriber,1987,2,30-6-2016,85,67,76.0,0.00,0.0,0
426,India St & East River,N 11 St & Wythe Ave,Customer,"",0,30-6-2016,85,67,76.0,0.00,0.0,0
832,E 25 St & 2 Ave,Allen St & Hester St,Subscriber,1983,1,30-6-2016,85,67,76.0,0.00,0.0,0
743,Vesey Pl & River Terrace,W 4 St & 7 Ave S,Subscriber,1983,1,30-6-2016,85,67,76.0,0.00,0.0,0
702,1 Ave & E 15 St,Bialystoker Pl & Delancey St,Subscriber,1986,2,30-6-2016,85,67,76.0,0.00,0.0,0
379,E 11 St & 1 Ave,Suffolk St & Stanton St,Subscriber,1990,1,30-6-2016,85,67,76.0,0.00,0.0,0
1011,Broadway & W 51 St,Lexington Ave & E 29 St,Subscriber,1977,1,30-6-2016,85,67,76.0,0.00,0.0,0
564,Central Park West & W 85 St,W 56 St & 6 Ave,Subscriber,1973,1,30-6-2016,85,67,76.0,0.00,0.0,0
2897,Bedford Ave & S 9 St,Bedford Ave & S 9 St,Customer,"",0,30-6-2016,85,67,76.0,0.00,0.0,0
1094,E 7 St & Avenue A,Centre St & Chambers St,Subscriber,1990,2,30-6-2016,85,67,76.0,0.00,0.0,0
360,Allen St & Rivington St,Canal St & Rutgers St,Subscriber,1992,1,30-6-2016,85,67,76.0,0.00,0.0,0
843,E 4 St & 2 Ave,Norfolk St & Broome St,Subscriber,1982,2,30-6-2016,85,67,76.0,0.00,0.0,0
474,Greenwich Ave & 8 Ave,W 26 St & 10 Ave,Subscriber,1986,2,30-6-2016,85,67,76.0,0.00,0.0,0
398,India St & East River,N 11 St & Wythe Ave,Customer,"",0,30-6-2016,85,67,76.0,0.00,0.0,0
126,Broadway & Whipple St,McKibbin St & Manhattan Ave,Subscriber,1972,1,30-6-2016,85,67,76.0,0.00,0.0,0
1094,W 14 St & The High Line,W 46 St & 11 Ave,Subscriber,1985,1,30-6-2016,85,67,76.0,0.00,0.0,0
555,W 17 St & 8 Ave,W 41 St & 8 Ave,Subscriber,1984,1,30-6-2016,85,67,76.0,0.00,0.0,0
61,E 72 St & Park Ave,E 72 St & Park Ave,Subscriber,1960,1,30-6-2016,85,67,76.0,0.00,0.0,0
363,Division Ave & Hooper St,Humboldt St & Varet St,Subscriber,1992,1,30-6-2016,85,67,76.0,0.00,0.0,0
434,E 5 St & Avenue C,Norfolk St & Broome St,Subscriber,1992,1,30-6-2016,85,67,76.0,0.00,0.0,0
760,Greene Ave & Throop Ave,DeKalb Ave & Hudson Ave,Subscriber,1985,2,30-6-2016,85,67,76.0,0.00,0.0,0
1198,LaGuardia Pl & W 3 St,E 43 St & 2 Ave,Subscriber,1987,1,30-6-2016,85,67,76.0,0.00,0.0,0
368,E 20 St & 2 Ave,E 9 St & Avenue C,Subscriber,1984,2,30-6-2016,85,67,76.0,0.00,0.0,0
734,Pershing Square North,W 52 St & 9 Ave,Subscriber,1959,1,30-6-2016,85,67,76.0,0.00,0.0,0
1100,Barrow St & Hudson St,8 Ave & W 31 St,Customer,"",0,30-6-2016,85,67,76.0,0.00,0.0,0
209,W 39 St & 9 Ave,W 34 St & 11 Ave,Subscriber,1993,1,30-6-2016,85,67,76.0,0.00,0.0,0
1041,E 55 St & 2 Ave,1 Ave & E 18 St,Subscriber,1990,1,30-6-2016,85,67,76.0,0.00,0.0,0
525,Lispenard St & Broadway,South End Ave & Liberty St,Subscriber,1989,1,30-6-2016,85,67,76.0,0.00,0.0,0
245,Hope St & Union Ave,Grand St & Havemeyer St,Subscriber,1986,1,30-6-2016,85,67,76.0,0.00,0.0,0
1056,Barrow St & Hudson St,8 Ave & W 31 St,Subscriber,1990,2,30-6-2016,85,67,76.0,0.00,0.0,0
463,W 4 St & 7 Ave S,W 22 St & 8 Ave,Subscriber,1980,1,30-6-2016,85,67,76.0,0.00,0.0,0
917,Market St & Cherry St,E 6 St & Avenue B,Subscriber,1965,1,30-6-2016,85,67,76.0,0.00,0.0,0
1660,W 49 St & 8 Ave,E 11 St & 2 Ave,Subscriber,1973,2,30-6-2016,85,67,76.0,0.00,0.0,0
526,W 27 St & 7 Ave,E 16 St & Irving Pl,Subscriber,1960,1,30-6-2016,85,67,76.0,0.00,0.0,0
155,Catherine St & Monroe St,St James Pl & Oliver St,Subscriber,1970,1,30-6-2016,85,67,76.0,0.00,0.0,0
348,Dean St & 4 Ave,Fulton St & Grand Ave,Subscriber,1952,1,30-6-2016,85,67,76.0,0.00,0.0,0
781,Christopher St & Greenwich St,Rivington St & Chrystie St,Subscriber,1993,1,30-6-2016,85,67,76.0,0.00,0.0,0
434,E 7 St & Avenue A,E 13 St & Avenue A,Subscriber,1990,1,30-6-2016,85,67,76.0,0.00,0.0,0
449,E 75 St & 3 Ave,W 84 St & Columbus Ave,Subscriber,1989,1,30-6-2016,85,67,76.0,0.00,0.0,0
1810,South St & Whitehall St,E 47 St & 1 Ave,Subscriber,1961,1,30-6-2016,85,67,76.0,0.00,0.0,0
940,E 47 St & 1 Ave,Broadway & W 41 St,Subscriber,1974,1,30-6-2016,85,67,76.0,0.00,0.0,0
630,Mott St & Prince St,Barclay St & Church St,Subscriber,1980,1,30-6-2016,85,67,76.0,0.00,0.0,0
281,Grand St & Havemeyer St,Stagg St & Union Ave,Subscriber,1989,1,30-6-2016,85,67,76.0,0.00,0.0,0
835,E 4 St & 2 Ave,E 39 St & 3 Ave,Subscriber,1991,1,30-6-2016,85,67,76.0,0.00,0.0,0
187,W 18 St & 6 Ave,E 17 St & Broadway,Subscriber,1959,1,30-6-2016,85,67,76.0,0.00,0.0,0
1550,W 54 St & 9 Ave,Hudson St & Reade St,Subscriber,1991,2,30-6-2016,85,67,76.0,0.00,0.0,0
676,8 Ave & W 31 St,11 Ave & W 41 St,Subscriber,1973,1,30-6-2016,85,67,76.0,0.00,0.0,0
268,E 60 St & York Ave,E 51 St & 1 Ave,Subscriber,1968,1,30-6-2016,85,67,76.0,0.00,0.0,0
420,Forsyth St & Broome St,Peck Slip & Front St,Subscriber,1985,1,30-6-2016,85,67,76.0,0.00,0.0,0
885,Leonard St & Meeker Ave,Nassau Ave & Newell St,Subscriber,1977,1,30-6-2016,85,67,76.0,0.00,0.0,0
268,E 2 St & Avenue B,E 9 St & Avenue C,Subscriber,1993,2,30-6-2016,85,67,76.0,0.00,0.0,0
1758,W 25 St & 6 Ave,Riverside Dr & W 82 St,Subscriber,1964,1,30-6-2016,85,67,76.0,0.00,0.0,0
670,E 39 St & 3 Ave,E 60 St & York Ave,Subscriber,1982,1,30-6-2016,85,67,76.0,0.00,0.0,0
145,W 13 St & Hudson St,W 17 St & 8 Ave,Subscriber,1992,1,30-6-2016,85,67,76.0,0.00,0.0,0
1665,Old Fulton St,Brooklyn Bridge Park - Pier 2,Customer,"",0,29-6-2016,83,67,75.0,0.01,0.0,0
1656,Old Fulton St,Brooklyn Bridge Park - Pier 2,Customer,"",0,29-6-2016,83,67,75.0,0.01,0.0,0
355,Old Fulton St,Jay St & Tech Pl,Subscriber,1988,1,30-6-2016,85,67,76.0,0.00,0.0,0
1078,Front St & Washington St,Bayard St & Baxter St,Subscriber,1968,1,30-6-2016,85,67,76.0,0.00,0.0,0
1154,Front St & Washington St,Allen St & Stanton St,Customer,"",0,30-6-2016,85,67,76.0,0.00,0.0,0
2326,Centre St & Chambers St,Jay St & Tech Pl,Customer,"",0,29-6-2016,83,67,75.0,0.01,0.0,0
1464,W 34 St & 11 Ave,E 25 St & 2 Ave,Customer,"",0,30-6-2016,85,67,76.0,0.00,0.0,0
2854,W Broadway & Spring St,W 14 St & The High Line,Subscriber,1963,2,29-6-2016,83,67,75.0,0.01,0.0,0
511,Fulton St & Washington Ave,Franklin Ave & Myrtle Ave,Subscriber,1977,1,31-7-2016,78,71,74.5,1.08,0,0
911,11 Ave & W 27 St,11 Ave & W 59 St,Subscriber,1978,2,31-7-2016,78,71,74.5,1.08,0,0
1024,Duane St & Greenwich St,W 11 St & 6 Ave,Customer,"",0,31-7-2016,78,71,74.5,1.08,0,0
1033,Duane St & Greenwich St,W 11 St & 6 Ave,Customer,"",0,31-7-2016,78,71,74.5,1.08,0,0
312,Union Ave & N 12 St,Banker St & Meserole Ave,Subscriber,1991,1,31-7-2016,78,71,74.5,1.08,0,0
1028,Duane St & Greenwich St,W 11 St & 6 Ave,Customer,"",0,31-7-2016,78,71,74.5,1.08,0,0
1016,Duane St & Greenwich St,W 11 St & 6 Ave,Customer,"",0,31-7-2016,78,71,74.5,1.08,0,0
1154,Broadway & W 58 St,E 20 St & 2 Ave,Subscriber,1976,1,31-7-2016,78,71,74.5,1.08,0,0
494,W 14 St & The High Line,W 37 St & 10 Ave,Subscriber,1992,1,31-7-2016,78,71,74.5,1.08,0,0
442,Kent Ave & N 7 St,Roebling St & N 4 St,Subscriber,1978,1,31-7-2016,78,71,74.5,1.08,0,0
811,8 Ave & W 33 St,W 63 St & Broadway,Subscriber,1980,1,31-7-2016,78,71,74.5,1.08,0,0
337,Macon St & Nostrand Ave,Monroe St & Tompkins Ave,Subscriber,"",0,31-7-2016,78,71,74.5,1.08,0,0
932,Duane St & Greenwich St,W 11 St & 6 Ave,Customer,"",0,31-7-2016,78,71,74.5,1.08,0,0
920,W 16 St & The High Line,E 3 St & 1 Ave,Subscriber,1994,1,31-7-2016,78,71,74.5,1.08,0,0
905,Duane St & Greenwich St,W 11 St & 6 Ave,Customer,"",0,31-7-2016,78,71,74.5,1.08,0,0
162,E 3 St & 1 Ave,E 11 St & 1 Ave,Subscriber,1971,1,31-7-2016,78,71,74.5,1.08,0,0
567,W 56 St & 6 Ave,W 31 St & 7 Ave,Subscriber,"",0,31-7-2016,78,71,74.5,1.08,0,0
2120,11 Ave & W 41 St,Fulton St & Washington Ave,Subscriber,1978,1,31-7-2016,78,71,74.5,1.08,0,0
412,47 Ave & 31 St,Vernon Blvd & 50 Ave,Subscriber,1983,2,31-7-2016,78,71,74.5,1.08,0,0
431,E 11 St & 1 Ave,Broadway & E 14 St,Subscriber,1956,1,31-7-2016,78,71,74.5,1.08,0,0
252,Madison St & Clinton St,Market St & Cherry St,Subscriber,1982,2,31-7-2016,78,71,74.5,1.08,0,0
974,11 Ave & W 27 St,West St & Chambers St,Customer,"",0,31-7-2016,78,71,74.5,1.08,0,0
207,Broadway & W 58 St,Grand Army Plaza & Central Park S,Subscriber,1984,1,31-7-2016,78,71,74.5,1.08,0,0
1675,Water - Whitehall Plaza,W 14 St & The High Line,Subscriber,1989,1,31-7-2016,78,71,74.5,1.08,0,0
266,N 6 St & Bedford Ave,S 4 St & Wythe Ave,Subscriber,1984,1,31-7-2016,78,71,74.5,1.08,0,0
323,W 17 St & 8 Ave,8 Ave & W 31 St,Subscriber,1964,1,31-7-2016,78,71,74.5,1.08,0,0
537,12 Ave & W 40 St,W 22 St & 8 Ave,Subscriber,1969,1,31-7-2016,78,71,74.5,1.08,0,0
733,E 53 St & Lexington Ave,9 Ave & W 45 St,Subscriber,1988,1,31-7-2016,78,71,74.5,1.08,0,0
554,W 67 St & Broadway,1 Ave & E 68 St,Subscriber,1992,1,31-7-2016,78,71,74.5,1.08,0,0
622,Broadway & W 55 St,W 41 St & 8 Ave,Subscriber,1977,1,31-7-2016,78,71,74.5,1.08,0,0
1349,E 3 St & 1 Ave,11 Ave & W 41 St,Subscriber,1977,1,31-7-2016,78,71,74.5,1.08,0,0
741,E 19 St & 3 Ave,St Marks Pl & 2 Ave,Customer,"",0,31-7-2016,78,71,74.5,1.08,0,0
870,Allen St & Stanton St,Pershing Square North,Subscriber,1993,1,31-7-2016,78,71,74.5,1.08,0,0
302,6 Ave & W 33 St,W 26 St & 8 Ave,Subscriber,1967,1,31-7-2016,78,71,74.5,1.08,0,0
622,6 Ave & W 33 St,W 33 St & 7 Ave,Subscriber,1970,1,31-7-2016,78,71,74.5,1.08,0,0
282,N 12 St & Bedford Ave,Banker St & Meserole Ave,Subscriber,1983,1,31-7-2016,78,71,74.5,1.08,0,0
955,W 56 St & 6 Ave,W 38 St & 8 Ave,Subscriber,1977,1,31-7-2016,78,71,74.5,1.08,0,0
157,Fulton St & Grand Ave,Lexington Ave & Classon Ave,Subscriber,1991,1,31-7-2016,78,71,74.5,1.08,0,0
4986,E 17 St & Broadway,Central Park West & W 85 St,Customer,1987,1,31-7-2016,78,71,74.5,1.08,0,0
334,Leonard St & Bayard St,Driggs Ave & N Henry St,Subscriber,1962,1,31-7-2016,78,71,74.5,1.08,0,0
5027,E 17 St & Broadway,Central Park West & W 85 St,Customer,1994,1,31-7-2016,78,71,74.5,1.08,0,0
627,E 10 St & Avenue A,W 11 St & 6 Ave,Subscriber,1957,1,31-7-2016,78,71,74.5,1.08,0,0
263,Pershing Square North,E 33 St & 2 Ave,Subscriber,1990,1,31-7-2016,78,71,74.5,1.08,0,0
952,Pershing Square North,Bank St & Hudson St,Subscriber,1973,1,31-7-2016,78,71,74.5,1.08,0,0
281,Norman Ave & Leonard St,Devoe St & Leonard St,Subscriber,1978,1,31-7-2016,78,71,74.5,1.08,0,0
480,Concord St & Bridge St,Adelphi St & Myrtle Ave,Subscriber,1991,2,31-7-2016,78,71,74.5,1.08,0,0
408,8 Ave & W 33 St,E 33 St & 2 Ave,Subscriber,1987,1,31-7-2016,78,71,74.5,1.08,0,0
4899,Liberty St & Broadway,W 45 St & 6 Ave,Customer,"",0,31-7-2016,78,71,74.5,1.08,0,0
401,8 Ave & W 33 St,W 24 St & 7 Ave,Subscriber,1985,1,31-7-2016,78,71,74.5,1.08,0,0
1038,Water - Whitehall Plaza,Warren St & Church St,Subscriber,1993,1,31-7-2016,78,71,74.5,1.08,0,0
4875,Liberty St & Broadway,W 45 St & 6 Ave,Customer,"",0,31-7-2016,78,71,74.5,1.08,0,0
2061,W 37 St & 10 Ave,Pershing Square North,Subscriber,1989,1,31-7-2016,78,71,74.5,1.08,0,0
965,Peck Slip & Front St,E 2 St & Avenue C,Subscriber,1988,1,31-7-2016,78,71,74.5,1.08,0,0
1016,E 20 St & Park Ave,E 58 St & 3 Ave,Subscriber,1985,1,31-7-2016,78,71,74.5,1.08,0,0
354,Metropolitan Ave & Bedford Ave,Norman Ave & Leonard St,Subscriber,1975,1,31-7-2016,78,71,74.5,1.08,0,0
971,Metropolitan Ave & Meeker Ave,Monroe St & Tompkins Ave,Subscriber,1986,1,31-7-2016,78,71,74.5,1.08,0,0
2634,9 Ave & W 18 St,Riverside Dr & W 72 St,Subscriber,1977,1,31-7-2016,78,71,74.5,1.08,0,0
341,E 19 St & 3 Ave,St Marks Pl & 2 Ave,Subscriber,1979,2,31-7-2016,78,71,74.5,1.08,0,0
157,N 11 St & Wythe Ave,N 8 St & Driggs Ave,Subscriber,1981,1,31-7-2016,78,71,74.5,1.08,0,0
945,Roebling St & N 4 St,Kosciuszko St & Tompkins Ave,Subscriber,1980,2,31-7-2016,78,71,74.5,1.08,0,0
949,W 31 St & 7 Ave,E 10 St & Avenue A,Subscriber,1957,1,31-7-2016,78,71,74.5,1.08,0,0
397,Front St & Washington St,Clark St & Henry St,Subscriber,1969,1,31-7-2016,78,71,74.5,1.08,0,0
1058,W 84 St & Broadway,W 42 St & 8 Ave,Subscriber,1954,1,31-7-2016,78,71,74.5,1.08,0,0
481,Graham Ave & Withers St,Nassau Ave & Newell St,Subscriber,1985,1,31-7-2016,78,71,74.5,1.08,0,0
905,W 20 St & 7 Ave,E 3 St & 1 Ave,Subscriber,1960,1,31-7-2016,78,71,74.5,1.08,0,0
253,W 67 St & Broadway,Broadway & W 58 St,Subscriber,1982,1,31-7-2016,78,71,74.5,1.08,0,0
2477,9 Ave & W 18 St,Riverside Dr & W 72 St,Customer,"",0,31-7-2016,78,71,74.5,1.08,0,0
548,E 20 St & 2 Ave,W 20 St & 7 Ave,Subscriber,1991,1,31-7-2016,78,71,74.5,1.08,0,0
379,Willoughby Ave & Hall St,Hancock St & Bedford Ave,Subscriber,1984,1,31-7-2016,78,71,74.5,1.08,0,0
296,S 5 Pl & S 4 St,Stagg St & Union Ave,Subscriber,1987,1,31-7-2016,78,71,74.5,1.08,0,0
522,W 22 St & 8 Ave,Lexington Ave & E 29 St,Subscriber,1959,1,31-7-2016,78,71,74.5,1.08,0,0
322,Rivington St & Chrystie St,E 2 St & Avenue C,Subscriber,1988,1,31-7-2016,78,71,74.5,1.08,0,0
2406,9 Ave & W 18 St,Riverside Dr & W 72 St,Customer,"",0,31-7-2016,78,71,74.5,1.08,0,0
2376,9 Ave & W 18 St,Riverside Dr & W 72 St,Customer,"",0,31-7-2016,78,71,74.5,1.08,0,0
1210,11 Ave & W 41 St,E 25 St & 2 Ave,Subscriber,1986,1,31-7-2016,78,71,74.5,1.08,0,0
548,Broadway & Roebling St,Union Ave & Jackson St,Subscriber,1984,1,31-7-2016,78,71,74.5,1.08,0,0
624,W 41 St & 8 Ave,8 Ave & W 33 St,Customer,"",0,31-7-2016,78,71,74.5,1.08,0,0
477,W Broadway & Spring St,Allen St & Stanton St,Customer,"",0,31-7-2016,78,71,74.5,1.08,0,0
281,W 20 St & 11 Ave,W 17 St & 8 Ave,Subscriber,1981,1,31-7-2016,78,71,74.5,1.08,0,0
223,Broadway & E 14 St,MacDougal St & Washington Sq,Subscriber,1962,1,31-7-2016,78,71,74.5,1.08,0,0
269,1 Ave & E 16 St,E 10 St & Avenue A,Subscriber,1990,1,31-7-2016,78,71,74.5,1.08,0,0
433,India St & Manhattan Ave,N 8 St & Driggs Ave,Subscriber,1987,1,31-7-2016,78,71,74.5,1.08,0,0
326,LaGuardia Pl & W 3 St,E 11 St & 2 Ave,Subscriber,1992,1,31-7-2016,78,71,74.5,1.08,0,0
105,Amsterdam Ave & W 73 St,W 70 St & Amsterdam Ave,Subscriber,1985,1,31-7-2016,78,71,74.5,1.08,0,0
321,Broadway & E 14 St,E 7 St & Avenue A,Subscriber,1986,1,31-7-2016,78,71,74.5,1.08,0,0
163,Cooper Square & E 7 St,E 10 St & 5 Ave,Subscriber,1987,2,31-7-2016,78,71,74.5,1.08,0,0
283,E 23 St & 1 Ave,E 19 St & 3 Ave,Subscriber,1954,2,31-7-2016,78,71,74.5,1.08,0,0
407,Metropolitan Ave & Bedford Ave,Milton St & Franklin St,Subscriber,1991,1,31-7-2016,78,71,74.5,1.08,0,0
832,Bank St & Washington St,E 33 St & 2 Ave,Subscriber,1992,1,31-7-2016,78,71,74.5,1.08,0,0
544,Willoughby St & Fleet St,Willoughby St & Fleet St,Subscriber,1983,1,31-7-2016,78,71,74.5,1.08,0,0
423,W 26 St & 8 Ave,6 Ave & W 33 St,Subscriber,1977,2,31-7-2016,78,71,74.5,1.08,0,0
340,DeKalb Ave & Skillman St,Hancock St & Bedford Ave,Subscriber,1974,0,31-7-2016,78,71,74.5,1.08,0,0
1306,W 20 St & 8 Ave,W 22 St & 8 Ave,Subscriber,1964,1,31-7-2016,78,71,74.5,1.08,0,0
494,Broadway & W 55 St,12 Ave & W 40 St,Subscriber,1973,2,31-7-2016,78,71,74.5,1.08,0,0
372,Clinton Ave & Myrtle Ave,Fulton St & Rockwell Pl,Subscriber,1988,1,31-7-2016,78,71,74.5,1.08,0,0
593,Rivington St & Ridge St,E 23 St & 1 Ave,Subscriber,1991,1,31-7-2016,78,71,74.5,1.08,0,0
1056,E 20 St & FDR Drive,W 14 St & The High Line,Subscriber,1992,1,31-7-2016,78,71,74.5,1.08,0,0
845,Greenwich Ave & 8 Ave,W 17 St & 8 Ave,Subscriber,1988,2,31-7-2016,78,71,74.5,1.08,0,0
428,Centre St & Chambers St,Little West St & 1 Pl,Subscriber,1982,1,31-7-2016,78,71,74.5,1.08,0,0
330,E 25 St & 2 Ave,E 13 St & Avenue A,Subscriber,1995,1,31-7-2016,78,71,74.5,1.08,0,0
609,6 Ave & W 33 St,E 25 St & 1 Ave,Subscriber,1991,2,31-8-2016,89,74,81.5,T,0,0
94,Queens Plaza North & Crescent St,21 St & 41 Ave,Subscriber,1982,1,31-8-2016,89,74,81.5,T,0,0
290,E 85 St & 3 Ave,E 89 St & York Ave,Subscriber,1977,2,31-8-2016,89,74,81.5,T,0,0
1072,Vernon Blvd & 50 Ave,Vernon Blvd & 50 Ave,Subscriber,1968,2,31-8-2016,89,74,81.5,T,0,0
396,E 52 St & 2 Ave,E 33 St & 2 Ave,Subscriber,1993,1,31-8-2016,89,74,81.5,T,0,0
890,MacDougal St & Prince St,Allen St & Stanton St,Subscriber,1987,2,31-8-2016,89,74,81.5,T,0,0
198,11 Ave & W 59 St,W 64 St & West End Ave,Subscriber,1982,1,31-8-2016,89,74,81.5,T,0,0
134,W 37 St & 10 Ave,W 34 St & 11 Ave,Subscriber,1969,1,31-8-2016,89,74,81.5,T,0,0
675,St Marks Pl & 2 Ave,Canal St & Rutgers St,Subscriber,1993,1,31-8-2016,89,74,81.5,T,0,0
543,Grand Army Plaza & Central Park S,W 41 St & 8 Ave,Subscriber,1970,1,31-8-2016,89,74,81.5,T,0,0
403,W 49 St & 8 Ave,W 63 St & Broadway,Subscriber,1980,1,31-8-2016,89,74,81.5,T,0,0
878,W 4 St & 7 Ave S,William St & Pine St,Subscriber,1984,1,31-8-2016,89,74,81.5,T,0,0
681,W Broadway & Spring St,E 2 St & Avenue C,Subscriber,1991,1,31-8-2016,89,74,81.5,T,0,0
2683,W 76 St & Columbus Ave,Fulton St & William St,Subscriber,1989,1,31-8-2016,89,74,81.5,T,0,0
746,E 7 St & Avenue A,Barrow St & Hudson St,Subscriber,1968,1,31-8-2016,89,74,81.5,T,0,0
321,Court St & Nelson St,Butler St & Court St,Subscriber,1976,1,31-8-2016,89,74,81.5,T,0,0
1146,Broadway & W 60 St,E 89 St & York Ave,Subscriber,1979,1,31-8-2016,89,74,81.5,T,0,0
517,8 Ave & W 31 St,E 30 St & Park Ave S,Subscriber,1944,1,31-8-2016,89,74,81.5,T,0,0
1376,Metropolitan Ave & Bedford Ave,Dean St & 4 Ave,Subscriber,1989,1,31-8-2016,89,74,81.5,T,0,0
821,Broadway & W 58 St,E 45 St & 3 Ave,Subscriber,1966,2,29-8-2016,91,74,82.5,0,0,0
357,Broadway & W 58 St,E 53 St & Madison Ave,Subscriber,1980,1,29-8-2016,91,74,82.5,0,0,0
376,Broadway & W 58 St,E 48 St & 5 Ave,Subscriber,1985,1,29-8-2016,91,74,82.5,0,0,0
557,Broadway & W 58 St,Broadway & W 37 St,Subscriber,1978,1,29-8-2016,91,74,82.5,0,0,0
292,Broadway & W 58 St,W 53 St & 10 Ave,Subscriber,1989,2,29-8-2016,91,74,82.5,0,0,0
203,Broadway & W 58 St,Broadway & W 49 St,Subscriber,1979,1,29-8-2016,91,74,82.5,0,0,0
628,Broadway & W 58 St,E 48 St & 5 Ave,Subscriber,1971,2,29-8-2016,91,74,82.5,0,0,0
706,Broadway & W 58 St,6 Ave & W 33 St,Subscriber,1979,1,29-8-2016,91,74,82.5,0,0,0
2200,Broadway & W 58 St,Water - Whitehall Plaza,Subscriber,1975,2,29-8-2016,91,74,82.5,0,0,0
462,Broadway & W 58 St,W 44 St & 5 Ave,Subscriber,1983,1,29-8-2016,91,74,82.5,0,0,0
1679,Broadway & W 58 St,Liberty St & Broadway,Subscriber,1988,1,29-8-2016,91,74,82.5,0,0,0
325,Broadway & W 58 St,W 49 St & 8 Ave,Subscriber,1970,1,29-8-2016,91,74,82.5,0,0,0
325,Broadway & W 58 St,E 58 St & 3 Ave,Subscriber,1982,1,29-8-2016,91,74,82.5,0,0,0
448,Broadway & W 58 St,W 44 St & 5 Ave,Subscriber,1993,2,29-8-2016,91,74,82.5,0,0,0
710,Broadway & W 58 St,Broadway & W 37 St,Subscriber,1976,1,29-8-2016,91,74,82.5,0,0,0
231,Broadway & W 58 St,Grand Army Plaza & Central Park S,Subscriber,1985,1,29-8-2016,91,74,82.5,0,0,0
361,Broadway & W 58 St,E 55 St & Lexington Ave,Subscriber,1991,2,29-8-2016,91,74,82.5,0,0,0
349,Broadway & W 58 St,Broadway & W 49 St,Subscriber,1992,1,29-8-2016,91,74,82.5,0,0,0
610,Broadway & W 58 St,E 55 St & 2 Ave,Subscriber,1954,1,29-8-2016,91,74,82.5,0,0,0
757,Broadway & W 58 St,1 Ave & E 68 St,Subscriber,1992,2,29-8-2016,91,74,82.5,0,0,0
571,Broadway & W 58 St,Broadway & W 39 St,Subscriber,1957,2,29-8-2016,91,74,82.5,0,0,0
867,Broadway & W 58 St,Broadway & E 22 St,Subscriber,1981,1,29-8-2016,91,74,82.5,0,0,0
694,Broadway & W 58 St,W 44 St & 5 Ave,Subscriber,1980,2,29-8-2016,91,74,82.5,0,0,0
347,Broadway & W 58 St,E 55 St & Lexington Ave,Subscriber,1983,1,29-8-2016,91,74,82.5,0,0,0
257,Broadway & W 58 St,Broadway & W 49 St,Subscriber,1972,1,29-8-2016,91,74,82.5,0,0,0
824,Broadway & W 58 St,E 55 St & 3 Ave,Subscriber,1984,1,29-8-2016,91,74,82.5,0,0,0
515,Broadway & W 58 St,E 48 St & 5 Ave,Subscriber,1981,1,29-8-2016,91,74,82.5,0,0,0
580,Broadway & W 58 St,E 48 St & 5 Ave,Subscriber,1983,2,29-8-2016,91,74,82.5,0,0,0
903,Broadway & W 58 St,Broadway & W 24 St,Subscriber,1991,1,29-8-2016,91,74,82.5,0,0,0
395,Broadway & W 58 St,W 52 St & 5 Ave,Subscriber,1988,1,29-8-2016,91,74,82.5,0,0,0
1030,Broadway & W 58 St,W 22 St & 8 Ave,Subscriber,1975,2,29-8-2016,91,74,82.5,0,0,0
425,Broadway & W 58 St,W 45 St & 6 Ave,Subscriber,"",0,29-8-2016,91,74,82.5,0,0,0
347,Broadway & W 58 St,E 53 St & Lexington Ave,Subscriber,1982,1,29-8-2016,91,74,82.5,0,0,0
935,Broadway & W 58 St,Broadway & E 22 St,Subscriber,1986,1,29-8-2016,91,74,82.5,0,0,0
791,Broadway & W 58 St,9 Ave & W 22 St,Subscriber,1970,1,29-8-2016,91,74,82.5,0,0,0
236,Broadway & W 58 St,Broadway & W 49 St,Subscriber,1966,2,29-8-2016,91,74,82.5,0,0,0
125,Broadway & W 58 St,Broadway & W 51 St,Subscriber,1978,1,29-8-2016,91,74,82.5,0,0,0
566,Broadway & W 58 St,W 44 St & 5 Ave,Subscriber,1974,1,29-8-2016,91,74,82.5,0,0,0
294,Broadway & W 58 St,Broadway & W 49 St,Subscriber,1991,1,29-8-2016,91,74,82.5,0,0,0
466,Broadway & W 58 St,E 61 St & Park Ave,Subscriber,1982,1,29-8-2016,91,74,82.5,0,0,0
1013,Broadway & W 58 St,Broadway & W 29 St,Subscriber,1973,1,29-8-2016,91,74,82.5,0,0,0
217,Broadway & W 58 St,Broadway & W 49 St,Subscriber,1982,1,29-8-2016,91,74,82.5,0,0,0
545,Broadway & W 58 St,E 53 St & Lexington Ave,Subscriber,1979,1,29-8-2016,91,74,82.5,0,0,0
484,Broadway & W 58 St,Broadway & W 41 St,Subscriber,1979,1,29-8-2016,91,74,82.5,0,0,0
403,Broadway & W 58 St,W 52 St & 5 Ave,Subscriber,1980,1,29-8-2016,91,74,82.5,0,0,0
514,Broadway & W 58 St,Broadway & W 41 St,Subscriber,1980,1,29-8-2016,91,74,82.5,0,0,0
476,Broadway & W 58 St,E 56 St & Madison Ave,Subscriber,1989,1,29-8-2016,91,74,82.5,0,0,0
315,Broadway & W 58 St,W 52 St & 5 Ave,Subscriber,1972,1,29-8-2016,91,74,82.5,0,0,0
965,Broadway & W 58 St,Lexington Ave & E 29 St,Subscriber,1971,1,29-8-2016,91,74,82.5,0,0,0
2057,Broadway & W 58 St,Broadway & W 58 St,Subscriber,1981,1,29-8-2016,91,74,82.5,0,0,0
1069,Broadway & W 58 St,W 27 St & 7 Ave,Subscriber,1991,2,29-8-2016,91,74,82.5,0,0,0
542,Broadway & W 58 St,E 56 St & Madison Ave,Subscriber,1979,1,29-8-2016,91,74,82.5,0,0,0
335,Broadway & W 58 St,W 53 St & 10 Ave,Subscriber,1973,1,29-8-2016,91,74,82.5,0,0,0
764,Broadway & W 58 St,E 55 St & 2 Ave,Subscriber,1945,1,29-8-2016,91,74,82.5,0,0,0
578,Broadway & W 58 St,W 43 St & 10 Ave,Subscriber,1995,1,29-8-2016,91,74,82.5,0,0,0
361,Broadway & W 58 St,Broadway & W 41 St,Subscriber,1967,1,29-8-2016,91,74,82.5,0,0,0
1240,Broadway & W 58 St,E 91 St & Park Ave,Subscriber,1984,2,29-8-2016,91,74,82.5,0,0,0
406,Broadway & W 58 St,E 48 St & 5 Ave,Subscriber,1982,1,29-8-2016,91,74,82.5,0,0,0
294,Broadway & W 58 St,W 63 St & Broadway,Subscriber,1972,1,29-8-2016,91,74,82.5,0,0,0
603,Broadway & W 58 St,W 70 St & Amsterdam Ave,Subscriber,1959,1,29-8-2016,91,74,82.5,0,0,0
454,Broadway & W 58 St,W 41 St & 8 Ave,Subscriber,1978,1,29-8-2016,91,74,82.5,0,0,0
1011,Broadway & W 58 St,E 33 St & 5 Ave,Subscriber,1984,1,29-8-2016,91,74,82.5,0,0,0
300,Broadway & W 58 St,Grand Army Plaza & Central Park S,Subscriber,1985,1,29-8-2016,91,74,82.5,0,0,0
199,Broadway & W 58 St,Grand Army Plaza & Central Park S,Subscriber,1969,1,29-8-2016,91,74,82.5,0,0,0
883,Broadway & W 58 St,W 95 St & Broadway,Subscriber,1948,1,29-8-2016,91,74,82.5,0,0,0
951,Broadway & W 58 St,1 Ave & E 78 St,Subscriber,1974,2,29-8-2016,91,74,82.5,0,0,0
306,Broadway & W 58 St,E 59 St & Madison Ave,Subscriber,1990,2,29-8-2016,91,74,82.5,0,0,0
900,Broadway & W 58 St,8 Ave & W 31 St,Subscriber,1982,1,29-8-2016,91,74,82.5,0,0,0
1062,Broadway & W 58 St,5 Ave & E 78 St,Subscriber,1977,1,29-8-2016,91,74,82.5,0,0,0
823,Broadway & W 58 St,Central Park W & W 96 St,Subscriber,1957,1,29-8-2016,91,74,82.5,0,0,0
108,Broadway & W 58 St,Broadway & W 53 St,Subscriber,1982,1,29-8-2016,91,74,82.5,0,0,0
264,Broadway & W 58 St,Broadway & W 60 St,Subscriber,1969,2,29-8-2016,91,74,82.5,0,0,0
714,Broadway & W 58 St,E 47 St & 1 Ave,Subscriber,1955,1,29-8-2016,91,74,82.5,0,0,0
467,Broadway & W 58 St,Broadway & W 39 St,Subscriber,1958,1,29-8-2016,91,74,82.5,0,0,0
1137,Broadway & W 58 St,Broadway & E 22 St,Subscriber,1966,1,29-8-2016,91,74,82.5,0,0,0
693,Broadway & W 58 St,W 37 St & 5 Ave,Subscriber,1970,1,29-8-2016,91,74,82.5,0,0,0
817,Broadway & W 58 St,Amsterdam Ave & W 82 St,Subscriber,1965,2,29-8-2016,91,74,82.5,0,0,0
517,Broadway & W 58 St,E 58 St & 3 Ave,Subscriber,1958,1,29-8-2016,91,74,82.5,0,0,0
242,Broadway & W 58 St,Broadway & W 53 St,Subscriber,1987,2,29-8-2016,91,74,82.5,0,0,0
569,Broadway & W 58 St,9 Ave & W 45 St,Subscriber,1972,1,29-8-2016,91,74,82.5,0,0,0
2245,Broadway & W 58 St,Carmine St & 6 Ave,Subscriber,1983,2,29-8-2016,91,74,82.5,0,0,0
740,Barrow St & Hudson St,E 11 St & 2 Ave,Subscriber,1997,1,30-9-2016,59,56,57.5,0.4,0,0
1230,South End Ave & Liberty St,St Marks Pl & 1 Ave,Subscriber,1986,1,30-9-2016,59,56,57.5,0.4,0,0
916,Butler St & Court St,Lafayette Ave & St James Pl,Subscriber,1984,1,30-9-2016,59,56,57.5,0.4,0,0
1130,E 84 St & 1 Ave,E 25 St & 1 Ave,Subscriber,1990,1,30-9-2016,59,56,57.5,0.4,0,0
1646,Rivington St & Chrystie St,Liberty St & Broadway,Subscriber,1986,2,30-9-2016,59,56,57.5,0.4,0,0
1404,Mercer St & Bleecker St,W 47 St & 10 Ave,Subscriber,1987,1,30-9-2016,59,56,57.5,0.4,0,0
1713,Driggs Ave & Lorimer St,Bergen St & Flatbush Ave,Subscriber,1985,1,30-9-2016,59,56,57.5,0.4,0,0
362,Baltic St & 5 Ave,Carroll St & 6 Ave,Subscriber,1985,1,30-9-2016,59,56,57.5,0.4,0,0
512,Myrtle Ave & Lewis Ave,Broadway & Berry St,Subscriber,1979,1,30-9-2016,59,56,57.5,0.4,0,0
1232,West Drive & Prospect Park West,Washington Ave & Park Ave,Subscriber,1986,2,30-9-2016,59,56,57.5,0.4,0,0
880,W 11 St & 6 Ave,W 22 St & 8 Ave,Subscriber,1965,2,30-9-2016,59,56,57.5,0.4,0,0
523,6 Ave & Broome St,E 3 St & 1 Ave,Subscriber,1952,1,30-9-2016,59,56,57.5,0.4,0,0
172,Montague St & Clinton St,Henry St & Atlantic Ave,Subscriber,1983,2,30-9-2016,59,56,57.5,0.4,0,0
811,Greenwich Ave & Charles St,Greenwich Ave & Charles St,Subscriber,1987,1,30-9-2016,59,56,57.5,0.4,0,0
269,Cooper Square & E 7 St,St Marks Pl & 1 Ave,Subscriber,1953,1,30-9-2016,59,56,57.5,0.4,0,0
263,Carroll St & 5 Ave,10 St & 7 Ave,Subscriber,1984,1,30-9-2016,59,56,57.5,0.4,0,0
765,W 4 St & 7 Ave S,St Marks Pl & 1 Ave,Subscriber,1944,1,30-9-2016,59,56,57.5,0.4,0,0
1315,N 8 St & Driggs Ave,Kingston Ave & Herkimer St,Subscriber,1993,1,30-9-2016,59,56,57.5,0.4,0,0
98,E 39 St & 2 Ave,E 33 St & 2 Ave,Subscriber,1983,1,30-9-2016,59,56,57.5,0.4,0,0
408,St Marks Pl & 1 Ave,E 25 St & 2 Ave,Subscriber,"",0,30-9-2016,59,56,57.5,0.4,0,0
223,W 13 St & 6 Ave,Washington Pl & 6 Ave,Subscriber,1970,1,30-9-2016,59,56,57.5,0.4,0,0
433,Greenwich Ave & 8 Ave,E 12 St & 3 Ave,Subscriber,1970,1,30-9-2016,59,56,57.5,0.4,0,0
261,9 Ave & W 18 St,Greenwich Ave & 8 Ave,Subscriber,1976,1,30-9-2016,59,56,57.5,0.4,0,0
745,Sullivan St & Washington Sq,9 Ave & W 22 St,Subscriber,1980,1,30-9-2016,59,56,57.5,0.4,0,0
534,W 18 St & 6 Ave,Cooper Square & E 7 St,Subscriber,1980,2,30-9-2016,59,56,57.5,0.4,0,0
350,E 3 St & 1 Ave,E 10 St & Avenue A,Subscriber,1966,2,30-9-2016,59,56,57.5,0.4,0,0
368,E 15 St & 3 Ave,E 10 St & Avenue A,Subscriber,1997,1,30-9-2016,59,56,57.5,0.4,0,0
1097,9 Ave & W 22 St,Stanton St & Chrystie St,Subscriber,1984,2,30-9-2016,59,56,57.5,0.4,0,0
268,Milton St & Franklin St,Union Ave & N 12 St,Subscriber,1980,1,30-9-2016,59,56,57.5,0.4,0,0
338,E 15 St & 3 Ave,E 10 St & Avenue A,Subscriber,1997,1,30-9-2016,59,56,57.5,0.4,0,0
445,Central Park West & W 68 St,Broadway & W 55 St,Subscriber,1981,2,30-9-2016,59,56,57.5,0.4,0,0
1238,W 11 St & 6 Ave,11 Ave & W 27 St,Subscriber,1995,1,30-9-2016,59,56,57.5,0.4,0,0
509,E 56 St & Madison Ave,9 Ave & W 45 St,Subscriber,1981,1,30-9-2016,59,56,57.5,0.4,0,0
752,Allen St & Stanton St,Barclay St & Church St,Subscriber,1985,1,30-9-2016,59,56,57.5,0.4,0,0
385,Clinton St & Joralemon St,President St & Henry St,Subscriber,1987,1,30-9-2016,59,56,57.5,0.4,0,0
897,9 Ave & W 22 St,W 43 St & 10 Ave,Customer,"",0,30-9-2016,59,56,57.5,0.4,0,0
766,Amsterdam Ave & W 73 St,E 55 St & 2 Ave,Subscriber,1973,2,30-9-2016,59,56,57.5,0.4,0,0
255,Cooper Square & E 7 St,Washington Pl & 6 Ave,Subscriber,1988,1,30-9-2016,59,56,57.5,0.4,0,0
269,University Pl & E 14 St,W 21 St & 6 Ave,Subscriber,1972,1,30-9-2016,59,56,57.5,0.4,0,0
712,W 20 St & 7 Ave,Broadway & W 39 St,Subscriber,1968,1,30-9-2016,59,56,57.5,0.4,0,0
202,Bergen St & Flatbush Ave,Carroll St & 6 Ave,Subscriber,1975,1,30-9-2016,59,56,57.5,0.4,0,0
182,W 22 St & 8 Ave,W 15 St & 7 Ave,Subscriber,1980,1,30-9-2016,59,56,57.5,0.4,0,0
385,Norfolk St & Broome St,E 6 St & Avenue D,Subscriber,1967,2,30-9-2016,59,56,57.5,0.4,0,0
858,9 Ave & W 22 St,W 43 St & 10 Ave,Subscriber,1988,1,30-9-2016,59,56,57.5,0.4,0,0
670,Montrose Ave & Bushwick Ave,Driggs Ave & N Henry St,Subscriber,1988,2,30-9-2016,59,56,57.5,0.4,0,0
424,Bayard St & Baxter St,Warren St & Church St,Subscriber,1976,2,30-9-2016,59,56,57.5,0.4,0,0
709,W 4 St & 7 Ave S,E 14 St & Avenue B,Subscriber,1987,1,30-9-2016,59,56,57.5,0.4,0,0
760,Greenwich Ave & 8 Ave,Lafayette St & Jersey St,Subscriber,1966,1,30-9-2016,59,56,57.5,0.4,0,0
732,W 26 St & 10 Ave,E 25 St & 1 Ave,Subscriber,1994,1,30-9-2016,59,56,57.5,0.4,0,0
352,Lewis Ave & Madison St,Monroe St & Bedford Ave,Subscriber,1989,1,30-9-2016,59,56,57.5,0.4,0,0
575,Butler St & Court St,12 St & 4 Ave,Subscriber,1953,1,30-9-2016,59,56,57.5,0.4,0,0
709,DeKalb Ave & Hudson Ave,Willoughby Ave & Walworth St,Subscriber,1984,1,30-9-2016,59,56,57.5,0.4,0,0
786,Mercer St & Spring St,West St & Chambers St,Subscriber,1992,2,30-9-2016,59,56,57.5,0.4,0,0
403,St Marks Pl & 2 Ave,E 14 St & Avenue B,Subscriber,1988,1,30-9-2016,59,56,57.5,0.4,0,0
761,Lafayette St & Jersey St,Carmine St & 6 Ave,Subscriber,1988,1,30-9-2016,59,56,57.5,0.4,0,0
236,N 8 St & Driggs Ave,Driggs Ave & Lorimer St,Subscriber,1989,1,30-9-2016,59,56,57.5,0.4,0,0
1232,Bedford Ave & Nassau Ave,E 7 St & Avenue A,Subscriber,1990,1,30-9-2016,59,56,57.5,0.4,0,0
293,Carmine St & 6 Ave,Greenwich Ave & 8 Ave,Subscriber,1971,1,30-9-2016,59,56,57.5,0.4,0,0
839,W 15 St & 7 Ave,E 9 St & Avenue C,Subscriber,1962,2,30-9-2016,59,56,57.5,0.4,0,0
328,Leonard St & Manhattan Ave,Graham Ave & Grand St,Subscriber,1981,1,30-9-2016,59,56,57.5,0.4,0,0
981,Broadway & E 22 St,E 9 St & Avenue C,Subscriber,1991,2,30-9-2016,59,56,57.5,0.4,0,0
1774,MacDougal St & Washington Sq,Clinton Ave & Myrtle Ave,Subscriber,1980,1,30-9-2016,59,56,57.5,0.4,0,0
597,W 37 St & 5 Ave,W 17 St & 8 Ave,Subscriber,1984,1,30-9-2016,59,56,57.5,0.4,0,0
429,Harrison St & Hudson St,West Thames St,Subscriber,1953,1,30-9-2016,59,56,57.5,0.4,0,0
186,E 6 St & Avenue B,E 2 St & Avenue C,Subscriber,1985,1,30-9-2016,59,56,57.5,0.4,0,0
798,E 11 St & 1 Ave,8 Ave & W 16 St,Subscriber,1956,1,30-9-2016,59,56,57.5,0.4,0,0
422,W 56 St & 10 Ave,Broadway & W 49 St,Subscriber,1993,2,30-9-2016,59,56,57.5,0.4,0,0
753,Broadway & E 14 St,6 Ave & W 33 St,Subscriber,1982,1,30-9-2016,59,56,57.5,0.4,0,0
439,West End Ave & W 107 St,W 84 St & Broadway,Subscriber,1997,1,30-9-2016,59,56,57.5,0.4,0,0
808,E 33 St & 2 Ave,9 Ave & W 18 St,Subscriber,1993,1,30-9-2016,59,56,57.5,0.4,0,0
1557,E 75 St & 3 Ave,9 Ave & W 45 St,Subscriber,1964,0,30-9-2016,59,56,57.5,0.4,0,0
829,Greenwich Ave & 8 Ave,9 Ave & W 18 St,Subscriber,1976,1,30-9-2016,59,56,57.5,0.4,0,0
763,Clark St & Henry St,Bergen St & Smith St,Subscriber,1990,1,30-9-2016,59,56,57.5,0.4,0,0
453,Broadway & W 49 St,E 52 St & 2 Ave,Subscriber,1981,1,30-9-2016,59,56,57.5,0.4,0,0
638,W 4 St & 7 Ave S,W 26 St & 10 Ave,Subscriber,1963,1,30-9-2016,59,56,57.5,0.4,0,0
461,E 17 St & Broadway,8 Ave & W 31 St,Subscriber,1983,1,30-9-2016,59,56,57.5,0.4,0,0
851,E 33 St & 5 Ave,St Marks Pl & 2 Ave,Subscriber,1990,2,30-9-2016,59,56,57.5,0.4,0,0
749,W 21 St & 6 Ave,W 25 St & 6 Ave,Subscriber,1951,1,30-9-2016,59,56,57.5,0.4,0,0
211,W 84 St & Broadway,W 92 St & Broadway,Subscriber,1964,1,30-9-2016,59,56,57.5,0.4,0,0
708,E 59 St & Madison Ave,W 41 St & 8 Ave,Subscriber,1970,1,30-9-2016,59,56,57.5,0.4,0,0
905,Christopher St & Greenwich St,Maiden Ln & Pearl St,Subscriber,1965,1,30-9-2016,59,56,57.5,0.4,0,0
371,Cooper Square & E 7 St,E 10 St & Avenue A,Subscriber,1956,1,30-9-2016,59,56,57.5,0.4,0,0
511,E 16 St & 5 Ave,W 37 St & 5 Ave,Subscriber,1960,1,30-9-2016,59,56,57.5,0.4,0,0
3157,E 81 St & 3 Ave,Court St & State St,Subscriber,1986,2,30-9-2016,59,56,57.5,0.4,0,0
408,Greenwich Ave & Charles St,E 16 St & Irving Pl,Subscriber,1974,1,30-9-2016,59,56,57.5,0.4,0,0
136,Canal St & Rutgers St,Clinton St & Grand St,Subscriber,1990,1,30-9-2016,59,56,57.5,0.4,0,0
771,W 45 St & 8 Ave,Perry St & Bleecker St,Subscriber,1978,1,30-9-2016,59,56,57.5,0.4,0,0
1524,Christopher St & Greenwich St,8 Ave & W 52 St,Subscriber,1958,1,30-9-2016,59,56,57.5,0.4,0,0
803,W 27 St & 10 Ave,W 25 St & 6 Ave,Subscriber,1988,1,30-9-2016,59,56,57.5,0.4,0,0
151,W 13 St & 5 Ave,University Pl & E 14 St,Subscriber,1986,1,30-9-2016,59,56,57.5,0.4,0,0
3104,E 81 St & 3 Ave,Court St & State St,Subscriber,1986,1,30-9-2016,59,56,57.5,0.4,0,0
502,Bergen St & Smith St,5 Ave & 3 St,Subscriber,1977,1,30-9-2016,59,56,57.5,0.4,0,0
411,Lawrence St & Willoughby St,DeKalb Ave & Vanderbilt Ave,Subscriber,1971,1,30-9-2016,59,56,57.5,0.4,0,0
627,W 63 St & Broadway,W 95 St & Broadway,Subscriber,1990,1,30-9-2016,59,56,57.5,0.4,0,0
547,Henry St & Atlantic Ave,Hanson Pl & Ashland Pl,Subscriber,1974,1,30-9-2016,59,56,57.5,0.4,0,0
652,St Marks Pl & 1 Ave,9 Ave & W 18 St,Subscriber,1989,1,30-9-2016,59,56,57.5,0.4,0,0
1584,Great Jones St,Nassau Ave & Newell St,Subscriber,1981,1,30-9-2016,59,56,57.5,0.4,0,0
552,Henry St & Atlantic Ave,Hanson Pl & Ashland Pl,Subscriber,1970,1,30-9-2016,59,56,57.5,0.4,0,0
1117,Wythe Ave & Metropolitan Ave,Front St & Gold St,Subscriber,1989,2,30-9-2016,59,56,57.5,0.4,0,0
1107,Wythe Ave & Metropolitan Ave,Front St & Gold St,Subscriber,1982,1,30-9-2016,59,56,57.5,0.4,0,0
